Date,00:30,01:00,01:30,02:00,02:30,03:00,03:30,04:00,04:30,05:00,05:30,06:00,06:30,07:00,07:30,08:00,08:30,09:00,09:30,10:00,10:30,11:00,11:30,12:00,12:30,13:00,13:30,14:00,14:30,15:00,15:30,16:00,16:30,17:00,17:30,18:00,18:30,19:00,19:30,20:00,20:30,21:00,21:30,22:00,22:30,23:00,23:30,24:00:00,Daily Total,
01/12/2024,14.9,15.4,15.5,15.2,14.1,13.2,13.7,14.1,14.9,15.5,15.6,15.3,14.4,13.7,13.4,13.9,15.0,15.9,15.5,14.9,14.3,13.2,13.6,14.3,15.2,15.4,15.6,15.0,14.4,13.3,13.8,13.8,14.2,15.3,15.2,15.2,14.4,13.3,13.9,13.9,14.9,15.4,15.5,15.2,14.4,13.7,13.8,14.3,698.6,
02/12/2024,14.1,13.5,13.5,14.2,14.7,16.1,15.3,14.7,14.5,14.1,13.7,14.3,15.2,15.4,64.2,67.0,69.1,71.6,77.2,77.2,80.4,84.6,79.5,78.2,75.7,66.4,69.2,59.6,57.0,58.4,53.3,61.2,61.1,58.0,13.4,13.7,14.8,15.9,15.8,15.3,13.6,13.9,13.7,13.9,14.6,15.4,16.1,14.7,1777.0,
03/12/2024,14.8,15.9,15.3,14.8,14.2,13.3,13.7,13.8,15.2,15.5,16.2,15.0,14.6,13.3,63.6,71.0,66.9,77.2,81.9,82.5,80.8,77.4,79.6,74.7,77.5,70.2,64.8,66.0,58.9,60.2,57.3,52.8,55.4,54.6,15.8,14.8,13.7,13.7,13.7,14.0,15.2,15.7,15.2,15.1,14.1,13.2,13.8,14.2,1781.1,
04/12/2024,13.6,14.6,15.3,15.4,15.4,14.9,13.7,13.7,13.8,15.1,14.6,15.8,15.2,14.6,68.9,66.0,73.2,73.1,78.9,85.8,81.1,79.6,85.5,78.3,69.5,74.4,67.7,64.9,62.6,62.9,55.1,59.7,56.2,56.7,14.8,15.3,15.0,14.8,13.3,13.5,13.9,14.9,15.2,15.8,15.2,14.4,13.7,14.0,1809.6,
05/12/2024,15.5,14.6,14.7,13.5,14.0,14.7,15.2,16.3,15.7,14.1,13.7,13.7,14.1,14.2,67.2,63.7,72.9,79.7,74.5,80.3,77.3,78.0,82.0,83.7,78.9,69.3,62.3,59.1,61.3,55.4,57.7,57.5,60.2,53.9,13.6,14.1,14.0,14.0,15.4,15.4,15.2,14.6,13.9,13.0,13.5,14.8,15.7,16.1,1782.2,
06/12/2024,16.1,14.7,14.9,13.4,14.0,13.8,14.0,15.7,15.7,14.8,14.8,13.8,13.6,13.6,67.1,69.1,70.1,75.2,74.4,84.1,84.2,82.5,80.1,74.3,80.6,72.4,61.9,62.4,60.0,59.4,56.4,61.7,58.3,57.5,14.6,14.0,13.4,13.5,14.1,15.6,15.5,15.1,14.6,14.2,13.4,13.8,14.6,15.3,1796.3,
07/12/2024,15.3,15.3,15.8,14.7,14.0,13.9,13.8,14.1,14.5,15.6,15.2,14.6,14.0,13.7,13.0,14.2,15.0,15.3,15.8,15.1,14.0,13.4,13.8,13.7,14.8,15.2,15.5,15.0,14.2,13.9,13.7,14.1,14.5,15.7,15.6,15.3,13.9,13.6,13.6,14.1,14.9,14.9,15.7,15.1,14.5,14.2,13.5,14.1,697.4,
08/12/2024,14.9,16.0,14.9,15.0,13.7,12.9,13.1,13.7,15.2,15.2,15.4,14.6,14.3,13.3,14.0,13.9,14.7,15.5,15.4,15.3,14.2,13.3,13.4,14.0,15.1,15.6,15.4,15.2,14.0,13.6,13.6,14.6,14.9,15.3,15.1,15.1,14.0,13.7,13.1,14.4,14.5,15.2,15.8,14.5,14.1,13.6,13.3,14.5,694.1,
09/12/2024,14.0,13.1,13.8,15.2,15.1,15.3,14.9,14.3,13.5,13.7,14.0,15.3,15.3,15.5,65.0,63.7,68.2,74.2,73.9,79.9,79.2,84.2,83.3,72.8,63.5,66.8,68.0,64.3,65.9,58.0,55.1,53.9,58.1,56.5,14.2,14.8,15.8,14.7,14.9,14.1,13.4,14.0,14.5,14.9,15.4,15.3,14.7,13.7,1761.9,
10/12/2024,15.9,15.6,14.9,13.6,14.1,14.2,14.4,14.8,15.2,15.4,14.4,13.9,13.8,13.3,62.0,69.4,70.7,79.6,76.6,77.8,80.2,82.5,85.7,77.7,73.6,66.5,70.1,66.3,60.4,55.8,54.8,60.0,58.4,57.4,14.2,14.0,13.7,13.8,14.2,14.8,15.2,15.1,14.4,13.9,13.5,13.4,14.3,14.8,1788.3,
11/12/2024,14.9,15.6,15.5,15.0,13.7,13.5,13.7,14.3,14.4,15.5,15.8,14.8,14.1,13.7,60.4,63.2,70.3,79.4,82.3,82.9,82.7,79.6,80.3,78.2,76.5,72.6,65.0,63.8,66.5,60.9,60.1,58.4,59.5,53.9,15.1,14.6,14.1,12.9,13.6,14.3,14.8,15.3,15.5,15.0,14.4,13.6,13.4,14.0,1801.6,
12/12/2024,14.9,15.9,15.3,14.6,13.9,13.0,13.7,13.7,14.5,14.8,15.1,15.0,13.7,13.1,66.1,65.1,71.6,71.5,78.8,77.0,81.8,80.6,78.0,81.6,73.7,73.5,69.0,66.5,59.1,54.1,57.4,53.2,55.7,62.5,15.2,15.3,14.0,14.2,13.7,13.8,14.6,15.5,15.0,15.6,13.8,13.8,14.0,14.1,1780.6,
13/12/2024,14.3,15.2,15.6,15.4,14.4,13.3,13.5,13.7,14.0,15.0,15.0,15.3,14.9,14.2,63.6,67.3,74.5,80.8,80.4,83.0,82.1,83.6,83.2,77.9,74.3,73.8,66.2,66.4,61.7,56.4,59.5,54.3,57.0,59.5,15.2,15.2,52.4,51.1,56.6,55.4,54.9,58.0,57.6,55.1,56.4,51.8,13.2,13.8,2216.0,
14/12/2024,15.1,14.2,13.7,13.4,13.1,14.7,15.0,15.9,14.8,14.0,14.1,13.1,13.6,14.7,15.1,15.0,35.0,33.4,34.6,31.8,30.3,31.9,34.5,34.7,15.1,14.7,14.0,13.8,13.4,14.3,15.3,15.6,15.4,14.2,13.8,14.1,14.0,14.8,15.2,15.7,15.7,14.5,14.1,13.3,14.0,14.8,15.0,15.8,846.3,
15/12/2024,13.4,13.4,14.2,15.5,15.5,15.6,14.6,14.1,13.2,13.4,14.4,14.9,15.9,15.3,14.7,14.4,13.4,13.2,14.5,15.0,14.7,15.4,14.7,14.5,13.3,13.4,13.9,14.6,15.2,14.9,14.5,13.6,13.1,13.2,14.0,14.7,15.0,15.5,14.8,13.9,13.4,14.0,14.2,15.1,14.6,15.2,14.1,13.9,690.0,
16/12/2024,13.6,13.4,14.3,14.6,15.6,14.9,14.7,14.1,13.7,13.6,14.7,14.8,15.3,14.5,68.1,67.3,64.0,74.2,76.1,82.7,79.6,86.1,82.1,73.1,76.8,68.0,64.5,63.7,59.5,59.7,60.0,53.9,59.1,54.0,13.9,14.9,15.5,15.3,14.6,14.3,14.0,13.4,14.5,15.2,14.6,15.1,14.6,14.3,1778.5,
17/12/2024,13.6,13.7,14.3,14.6,15.2,15.0,14.7,14.0,13.6,13.4,14.4,15.2,15.9,15.6,62.1,67.4,66.6,75.9,75.2,79.0,84.3,85.0,78.0,74.3,72.6,68.8,67.9,64.1,68.0,64.0,56.0,54.5,54.9,57.2,14.3,14.8,15.8,15.6,15.0,14.1,13.3,13.3,13.7,15.8,15.1,15.3,14.7,13.9,1783.7,
18/12/2024,13.5,13.8,14.8,15.0,15.2,14.4,13.7,13.5,13.5,14.6,15.0,15.5,14.8,14.8,63.6,64.5,72.7,76.2,78.6,81.0,82.3,84.3,83.4,78.4,72.9,69.3,68.7,68.0,61.1,60.5,62.8,57.4,60.4,60.1,15.1,15.6,15.2,14.3,13.8,13.5,13.9,14.1,14.9,15.5,15.2,14.5,13.8,13.3,1811.0,
19/12/2024,14.6,15.5,15.0,15.2,14.1,13.2,13.6,14.1,15.1,15.7,15.3,14.6,13.9,13.3,62.0,65.3,69.6,77.0,81.3,81.9,77.1,79.0,77.3,79.3,70.2,72.7,70.4,66.4,59.8,61.9,56.5,55.9,55.6,60.6,14.9,14.5,14.2,13.5,13.7,13.9,14.5,15.2,15.2,15.0,13.9,13.8,13.7,14.4,1783.4,
20/12/2024,14.8,15.5,15.7,14.9,14.3,13.2,13.6,13.7,14.7,15.4,15.0,14.8,14.2,13.5,62.7,68.2,71.5,75.0,81.0,76.4,77.0,79.7,74.4,76.5,70.8,73.4,69.2,62.9,62.3,56.0,59.3,56.1,55.1,61.3,15.2,15.5,14.2,13.7,13.5,14.1,14.2,15.4,15.6,15.3,14.3,14.0,13.3,14.2,1774.6,
21/12/2024,13.6,13.2,14.3,14.9,15.3,15.1,14.7,13.6,14.0,13.3,14.0,15.2,15.6,15.5,15.2,13.9,13.2,13.8,14.4,14.8,15.0,15.7,14.9,13.6,13.7,13.2,14.0,14.6,15.2,15.1,14.6,14.2,13.6,13.7,14.5,14.8,15.4,15.5,15.3,14.3,13.9,13.9,14.4,14.4,15.7,15.4,14.8,13.9,694.9,
22/12/2024,15.3,15.4,14.9,13.5,13.5,13.5,14.0,15.1,15.3,15.1,14.4,14.0,13.5,13.3,14.0,15.0,15.5,14.9,14.8,13.7,14.2,13.4,14.0,15.1,15.1,15.5,15.1,13.8,13.5,13.5,14.3,15.4,15.7,15.0,15.1,14.2,13.6,13.5,14.3,14.8,15.6,15.2,14.0,14.1,13.5,13.9,14.2,15.1,693.4,
23/12/2024,15.8,15.4,14.7,14.8,13.4,13.7,14.8,14.8,15.1,14.8,14.8,14.1,13.7,13.3,60.2,61.9,67.7,78.0,78.7,77.9,80.8,83.8,82.4,81.0,70.0,68.1,65.5,61.8,64.5,56.8,55.0,58.6,55.8,62.1,14.6,13.9,13.5,13.4,14.2,14.6,15.5,14.8,14.6,14.0,13.0,13.5,14.5,15.5,1773.4,
24/12/2024,8.4,8.6,7.7,6.9,6.9,7.0,7.4,8.3,8.8,8.5,8.2,7.2,6.3,6.8,7.4,8.2,8.7,8.4,7.7,7.3,6.8,6.8,7.6,8.4,8.9,8.3,8.0,7.0,6.9,6.9,7.2,8.3,8.3,8.5,7.9,7.1,6.5,6.7,7.4,8.2,8.9,8.6,7.8,7.3,6.5,7.0,7.5,8.3,368.3,
25/12/2024,7.5,6.8,6.8,7.2,8.3,8.5,8.9,8.3,7.3,7.0,6.6,6.9,8.1,8.7,8.6,8.1,7.7,6.9,6.6,7.3,7.7,8.4,8.5,7.8,7.3,7.0,6.6,7.1,7.7,8.7,8.6,8.3,7.4,6.7,6.6,7.3,7.9,8.7,8.1,8.4,7.4,7.1,6.7,7.2,8.0,8.4,8.8,8.1,368.6,
26/12/2024,7.6,6.9,6.8,7.1,7.9,8.6,8.3,8.1,7.6,6.7,6.9,7.1,8.0,8.3,8.7,8.3,7.6,7.0,6.9,7.2,7.7,8.7,8.4,8.1,7.5,6.9,6.9,7.2,7.7,8.5,8.7,8.1,7.6,6.8,6.5,7.3,7.7,8.8,8.7,8.0,7.6,7.2,6.5,7.3,8.0,8.6,8.7,8.3,369.6,
27/12/2024,8.2,7.9,6.8,7.0,7.2,7.5,8.4,8.9,8.3,7.6,6.9,6.9,6.9,7.7,8.5,8.6,8.2,7.4,6.8,6.5,6.8,7.6,8.4,8.7,8.2,7.5,6.8,6.5,6.8,7.8,8.2,8.7,8.2,8.0,6.7,6.7,7.0,7.6,8.4,8.7,8.2,7.7,7.0,6.9,6.9,7.9,8.4,8.3,366.8,
28/12/2024,6.8,6.8,7.2,8.3,8.5,8.7,8.0,7.3,6.8,6.9,7.2,8.3,8.6,8.9,8.1,7.3,6.6,6.7,7.4,7.9,8.4,8.5,8.0,7.3,6.9,6.7,7.5,8.1,8.6,8.6,7.7,7.2,6.7,6.7,7.1,8.0,8.3,8.7,7.9,7.0,6.7,6.9,7.3,8.1,8.5,8.5,7.7,7.2,367.1,
29/12/2024,6.8,8.0,8.3,8.6,8.6,7.8,7.1,6.6,7.1,7.5,8.3,8.8,8.4,7.8,7.1,6.8,6.8,7.6,8.1,8.5,8.3,8.0,7.3,7.1,6.9,7.4,8.1,8.9,8.2,7.7,7.0,6.9,6.8,7.7,8.5,8.6,8.5,7.5,7.0,6.7,6.6,7.6,8.3,8.4,8.2,7.7,7.0,6.7,368.2,
30/12/2024,6.8,7.4,8.3,8.6,8.4,7.7,7.1,6.7,7.0,7.6,8.4,8.9,8.2,7.9,7.3,6.6,6.9,7.5,8.4,8.7,8.3,8.0,6.9,6.7,7.1,7.9,8.2,8.8,8.5,7.5,6.9,6.5,6.8,7.5,8.3,8.9,8.5,8.2,7.0,6.8,7.0,7.8,8.2,8.8,8.7,7.7,7.0,6.8,369.7,
31/12/2024,8.0,8.4,8.9,8.0,7.5,6.7,6.7,7.4,8.0,8.4,8.4,8.1,7.2,6.8,6.5,7.2,8.0,8.5,8.4,7.9,7.3,7.0,6.6,7.3,8.2,8.6,8.6,8.0,7.3,6.8,6.5,7.2,7.7,8.8,8.7,7.9,7.4,7.1,6.7,7.5,8.1,8.5,8.4,8.0,7.2,6.5,6.8,7.2,366.9,
01/01/2025,7.8,8.4,9.2,8.0,7.4,7.0,7.0,6.9,8.1,8.3,8.9,8.3,7.9,7.2,6.6,7.5,7.6,8.4,8.9,8.2,7.5,6.9,6.8,7.1,7.7,8.5,8.7,8.5,7.6,6.7,6.7,7.0,8.0,8.1,8.7,8.1,7.8,7.0,6.7,7.1,7.7,8.5,8.6,8.4,7.6,6.6,6.6,7.3,370.1,
02/01/2025,15.5,14.4,13.7,13.4,13.9,14.6,14.8,15.6,15.5,14.1,13.6,13.6,14.0,14.3,65.4,65.5,71.6,73.4,74.3,76.5,79.1,75.2,80.3,78.4,69.5,70.2,62.4,60.8,57.8,59.4,60.2,58.7,52.5,59.4,13.3,13.7,13.7,14.1,15.4,15.5,16.0,14.7,13.8,13.4,13.8,14.4,14.7,15.7,1753.8,
03/01/2025,13.6,12.8,13.9,14.6,15.6,15.3,15.2,13.5,13.2,13.8,13.9,14.5,15.2,15.1,59.9,67.6,67.3,71.5,76.7,82.7,79.9,87.2,84.6,78.2,75.4,66.8,64.8,66.0,58.5,57.1,56.7,57.0,55.4,53.2,13.8,14.6,15.2,15.5,15.0,14.3,13.5,13.8,14.7,15.1,15.8,14.8,14.5,13.8,1771.1,
04/01/2025,14.3,14.4,14.1,13.3,13.8,14.2,15.0,15.5,14.7,14.7,13.2,13.5,13.6,14.9,15.4,14.7,14.3,14.1,13.6,13.4,13.8,14.6,14.7,14.8,15.1,14.3,13.7,13.3,13.7,14.9,14.6,15.0,15.3,14.8,13.6,13.1,13.2,14.5,14.7,16.1,15.8,14.4,13.8,13.4,14.1,14.4,15.1,15.8,689.3,
05/01/2025,14.3,14.1,13.0,13.8,14.4,15.5,15.2,15.1,13.8,13.5,14.1,14.4,14.1,15.4,15.6,14.8,13.9,13.8,13.5,14.1,14.6,16.0,15.1,14.8,14.3,13.8,13.1,14.3,14.2,15.2,15.3,14.7,14.5,12.9,13.3,13.7,14.9,15.7,15.6,15.3,13.5,13.6,13.1,13.8,14.7,15.3,15.8,14.3,691.8,
06/01/2025,15.1,14.8,14.1,14.1,13.5,14.0,14.6,15.0,15.1,15.5,14.4,13.5,13.1,13.6,59.3,67.3,69.6,77.2,80.2,73.4,78.1,82.0,82.4,78.6,70.0,67.1,69.4,64.3,63.3,59.8,55.3,58.3,58.1,59.2,14.9,14.0,13.6,13.7,14.6,14.5,15.3,15.2,15.2,14.1,13.7,13.4,14.9,15.1,1775.5,
07/01/2025,13.4,15.0,14.6,15.1,15.1,14.2,13.9,13.5,13.7,14.8,14.5,15.8,14.9,14.9,62.0,65.5,74.7,77.1,77.3,76.4,86.0,86.0,77.2,78.8,74.3,70.5,69.5,61.3,62.3,56.7,55.6,55.6,55.2,57.1,14.7,15.3,15.4,14.6,14.1,13.6,13.5,14.6,14.9,15.7,15.7,14.8,14.4,13.0,1786.8,
08/01/2025,13.3,13.5,14.0,15.0,15.2,15.6,15.0,14.1,13.2,13.7,14.3,14.9,15.3,15.7,64.8,65.2,71.8,77.3,74.4,86.2,87.4,87.3,76.5,84.6,70.8,68.4,62.6,64.8,57.6,60.1,57.3,56.1,57.2,58.1,14.3,14.4,15.0,15.5,14.6,13.8,13.2,13.2,14.1,14.7,15.7,15.3,14.4,14.2,1793.7,
09/01/2025,14.0,14.1,14.5,15.2,14.7,15.0,13.4,13.3,14.0,14.6,14.9,15.1,15.1,14.4,66.2,66.4,73.0,72.0,76.1,81.5,79.8,84.3,79.4,73.6,73.2,73.4,63.8,63.5,60.5,61.4,55.7,55.5,58.3,53.0,15.2,15.3,15.2,14.7,13.1,13.2,13.7,14.6,15.2,15.8,15.1,14.5,13.7,13.3,1775.5,
10/01/2025,14.5,15.1,15.2,14.6,14.0,13.0,13.6,14.1,14.9,15.2,15.1,15.1,14.0,14.0,61.8,65.7,69.7,78.2,80.5,80.2,78.5,79.8,76.1,74.7,70.7,72.8,65.4,60.0,61.4,59.0,53.8,54.5,61.6,57.6,15.2,14.5,55.3,51.2,54.6,55.1,51.4,57.1,56.0,56.5,54.3,52.6,13.4,13.7,2165.3,
11/01/2025,14.6,15.2,15.6,14.6,14.0,14.6,13.2,13.9,14.6,14.9,15.9,15.0,14.3,14.1,13.2,13.7,33.4,32.3,33.0,33.3,31.6,32.6,31.2,35.1,14.5,15.0,15.9,14.9,15.1,13.2,13.5,13.7,14.7,15.0,15.2,14.5,14.3,13.2,13.1,13.8,14.5,15.5,15.0,15.1,14.4,13.6,13.2,13.8,838.6,
12/01/2025,13.9,14.2,15.3,15.3,15.7,14.5,13.7,13.0,13.3,14.4,14.9,15.5,14.9,14.5,13.6,13.5,13.6,14.8,14.8,15.7,14.8,14.4,13.6,13.8,13.8,14.3,15.1,15.0,15.6,14.9,13.8,13.4,13.8,14.2,15.0,15.2,15.1,14.4,14.0,13.3,13.5,14.1,14.6,15.8,15.3,14.8,13.6,13.8,692.1,
13/01/2025,13.5,13.9,14.1,14.8,15.2,15.3,14.8,14.4,13.9,13.6,14.4,14.0,15.2,15.3,59.0,64.4,68.3,74.7,82.5,81.4,85.3,82.2,81.6,75.7,74.9,65.7,67.2,67.0,61.3,57.8,57.8,58.5,58.9,53.3,13.8,14.8,15.3,15.0,15.3,14.2,13.8,13.4,14.3,15.1,15.0,15.1,15.6,13.8,1784.4,
14/01/2025,14.9,15.2,15.6,14.5,13.7,13.8,13.6,13.3,14.8,15.2,15.5,14.9,14.1,13.5,63.2,66.2,69.7,74.5,79.1,82.0,79.7,78.1,81.6,71.7,75.5,64.9,62.9,65.4,59.2,53.7,58.9,60.3,58.2,53.6,15.7,15.1,14.0,14.1,13.5,14.0,14.9,15.1,15.7,15.0,13.9,13.5,13.3,14.1,1762.9,
15/01/2025,13.3,14.3,14.9,15.5,15.5,14.7,13.8,13.2,13.6,14.3,15.2,15.2,14.9,14.6,62.3,65.0,72.6,70.9,77.2,76.6,77.9,79.2,86.1,72.6,72.3,71.3,68.6,65.1,59.4,59.4,57.8,59.2,58.6,56.4,15.0,15.6,15.5,14.0,13.8,13.4,13.4,13.8,15.0,15.2,14.9,14.5,13.7,13.4,1772.7,
16/01/2025,15.5,14.4,14.2,13.8,14.0,14.2,15.0,15.1,15.2,14.3,13.8,13.5,13.8,14.3,61.8,66.8,67.9,78.0,78.1,76.9,79.1,76.9,76.7,79.1,78.7,69.4,63.9,66.9,64.4,58.7,55.8,59.9,59.1,56.6,13.4,13.6,13.7,14.2,14.6,15.5,15.1,14.4,14.1,12.8,14.1,14.8,14.8,15.7,1776.6,
17/01/2025,13.4,14.0,15.0,15.9,15.3,14.5,14.0,13.3,14.1,14.7,15.1,15.1,15.5,14.6,58.3,63.7,65.3,70.8,75.0,80.6,83.5,82.5,81.2,74.0,72.1,70.0,70.8,62.9,59.5,62.5,57.2,55.7,55.8,52.3,15.4,15.3,15.3,13.4,13.9,13.4,13.5,14.1,15.3,14.7,16.1,14.8,13.9,13.9,1761.2,
18/01/2025,14.9,15.0,15.6,14.3,14.2,13.8,13.6,13.6,14.8,15.3,15.1,14.1,13.7,13.4,13.8,14.8,15.0,15.1,15.2,15.1,14.2,13.6,13.6,14.4,15.4,15.3,15.3,14.9,13.9,12.9,13.6,13.8,15.2,15.4,15.8,14.5,14.3,13.1,13.8,14.0,15.0,15.2,15.5,14.9,14.1,13.6,14.0,13.9,693.6,
19/01/2025,13.9,13.4,14.4,15.5,15.1,14.6,14.8,13.8,13.3,13.4,13.9,15.3,15.7,15.6,15.4,13.7,12.8,14.1,14.2,14.8,14.8,14.9,14.9,13.9,12.9,13.3,14.4,15.2,15.4,16.1,15.0,14.5,13.8,13.8,13.7,14.4,15.1,15.3,14.7,14.1,13.5,13.7,14.4,14.8,15.2,14.5,15.0,13.7,692.7,
20/01/2025,14.8,14.6,13.9,13.6,14.0,14.1,15.0,15.2,15.6,14.6,13.6,13.7,13.8,14.4,60.2,69.5,75.7,75.9,80.2,77.3,84.6,80.0,77.6,77.8,72.5,67.5,66.9,60.9,59.5,62.1,57.4,57.1,55.1,55.4,13.3,13.5,14.0,14.6,15.4,16.0,14.8,14.6,13.7,13.7,13.8,14.7,15.6,15.6,1777.4,
21/01/2025,15.0,14.3,13.5,13.7,14.1,14.4,14.6,15.2,15.2,14.1,13.2,13.3,13.2,14.5,66.5,70.7,72.9,73.8,79.6,78.4,88.0,78.3,82.0,82.3,76.2,72.5,70.5,62.3,58.9,63.9,60.3,57.0,58.2,60.4,14.3,13.2,13.6,14.4,15.0,15.7,14.9,14.6,13.5,13.6,13.7,14.4,15.1,15.5,1812.5,
22/01/2025,14.7,14.1,14.2,13.6,13.6,14.6,15.1,14.7,15.1,14.3,13.8,13.2,13.7,14.8,68.0,66.2,72.0,73.0,75.5,76.1,83.5,81.8,82.5,76.8,76.6,75.3,63.0,67.6,56.0,61.9,57.9,58.5,56.0,58.0,13.9,13.9,13.5,14.3,15.4,15.9,15.1,13.9,13.6,13.7,13.9,14.8,15.7,15.2,1788.5,
23/01/2025,15.1,14.8,14.5,14.1,13.9,13.7,14.2,14.9,15.7,15.0,14.5,13.8,13.4,14.1,63.6,66.2,69.5,75.4,79.8,75.1,79.2,77.3,80.2,74.1,73.5,73.7,64.2,58.9,57.7,58.6,59.2,58.7,57.7,52.8,14.3,14.0,13.9,13.7,14.1,14.9,15.3,15.0,14.1,13.7,13.8,13.4,13.7,14.9,1755.9,
24/01/2025,14.0,13.8,15.1,15.5,15.3,14.7,14.0,13.0,13.8,14.7,15.0,15.5,14.9,14.9,61.7,62.6,68.7,75.4,79.3,84.1,83.6,79.0,76.5,73.5,69.6,68.5,65.3,62.3,63.8,57.1,56.0,58.1,56.5,57.4,14.8,15.1,57.3,53.2,54.1,55.2,51.5,51.7,55.7,55.3,56.6,55.2,13.7,13.9,2166.5,
25/01/2025,14.0,13.4,14.1,13.3,14.3,15.8,15.2,15.1,14.8,13.4,13.3,14.0,14.6,15.1,15.3,14.5,31.1,31.3,33.1,31.8,34.1,31.5,33.8,33.9,14.0,13.6,13.3,13.5,14.5,15.7,15.2,14.7,14.0,13.5,13.5,13.8,14.6,15.1,15.5,15.0,14.2,13.7,13.4,14.3,14.8,15.7,15.3,15.0,836.7,
26/01/2025,13.5,14.3,15.3,15.3,15.6,14.5,14.2,13.2,13.6,14.2,15.3,15.6,15.1,14.4,13.8,13.6,13.9,14.3,14.9,15.4,15.2,14.6,13.7,13.9,13.5,14.7,15.4,15.7,15.7,14.7,13.7,13.3,13.5,14.5,14.6,14.9,15.6,14.8,13.9,13.7,13.9,14.3,14.6,15.8,15.3,14.1,13.8,13.3,694.7,
27/01/2025,13.5,13.5,14.3,14.8,15.0,15.5,14.9,13.6,13.6,13.8,14.1,14.9,15.1,14.7,69.8,65.2,69.6,71.9,77.6,78.8,85.6,81.0,80.5,77.7,69.8,70.1,65.2,59.2,64.7,65.3,62.9,55.8,61.0,57.6,13.9,15.0,14.8,15.4,14.2,14.2,13.4,13.6,13.7,14.9,15.6,15.5,14.7,14.0,1793.5,
28/01/2025,14.5,13.8,13.3,13.8,14.5,15.2,15.0,14.3,14.1,13.6,13.5,14.2,14.3,15.1,63.2,62.3,72.3,77.1,79.7,83.2,78.8,85.1,84.7,76.8,75.8,72.6,68.5,67.4,62.3,58.9,61.2,58.0,59.9,59.8,13.2,14.0,14.8,15.2,14.9,14.7,14.4,13.8,13.0,13.6,14.4,15.2,16.0,14.8,1808.8,
29/01/2025,15.4,15.0,15.3,13.7,13.3,13.7,13.9,15.2,15.4,15.0,14.4,13.3,13.3,13.0,65.0,67.3,68.1,72.2,78.8,78.2,76.6,83.0,79.0,82.1,74.7,69.1,64.2,62.1,62.8,57.5,60.6,59.4,54.7,60.3,14.6,13.3,13.4,13.3,14.3,15.5,15.5,15.0,14.2,13.3,12.9,14.1,14.5,14.9,1774.4,
30/01/2025,15.3,15.2,14.6,14.2,13.6,13.1,14.5,14.4,15.3,14.8,14.6,13.5,13.1,13.3,66.9,69.5,69.4,75.4,76.3,80.0,77.6,80.3,77.1,82.0,74.9,70.2,65.9,59.8,59.0,58.6,59.2,56.4,56.4,60.6,13.6,13.7,13.8,12.9,14.7,15.0,14.8,15.4,14.3,13.6,13.9,13.5,14.0,15.6,1773.8,
31/01/2025,14.4,13.5,13.3,13.9,15.1,15.0,15.0,15.3,14.1,13.6,13.6,13.8,14.0,15.2,63.4,62.8,65.4,73.8,77.4,82.6,86.2,83.6,84.2,78.0,72.8,70.7,66.4,63.2,62.3,61.9,58.6,59.0,57.6,59.3,13.8,14.2,14.6,15.4,15.4,14.6,13.9,13.8,13.1,14.0,14.9,15.5,15.5,14.6,1792.3,
01/02/2025,14.7,15.1,15.1,14.4,14.4,13.2,13.0,14.3,14.2,15.1,15.4,15.1,14.0,13.5,13.7,13.7,14.5,14.5,15.2,15.3,14.1,13.4,13.6,14.0,14.6,15.0,15.6,15.5,14.7,13.2,14.2,13.4,14.2,15.3,15.4,15.1,14.7,13.9,13.2,13.8,14.8,15.5,15.7,15.3,14.5,13.5,13.1,13.9,691.6,
02/02/2025,13.4,13.9,13.9,14.8,15.2,15.6,15.0,14.0,13.6,14.0,13.6,15.1,15.7,15.7,15.0,13.8,13.4,13.7,14.0,14.8,14.9,14.9,14.8,13.9,13.3,13.5,14.2,14.8,15.4,15.3,14.7,14.0,13.3,13.4,13.6,14.5,15.0,15.2,15.1,14.0,13.5,13.3,14.2,15.4,15.3,15.0,14.4,14.1,691.2,
03/02/2025,14.8,14.6,13.4,13.0,13.9,14.1,15.3,15.7,14.9,14.5,14.1,13.3,14.2,14.4,63.6,68.3,67.1,71.9,78.9,80.3,78.8,83.2,82.6,74.0,76.0,70.9,68.0,60.4,62.6,62.4,57.4,58.9,55.3,58.6,13.8,13.6,13.5,14.8,15.3,15.6,15.3,14.0,13.4,13.5,13.8,14.6,15.2,15.4,1781.2,
04/02/2025,13.8,13.7,14.3,15.2,15.8,15.4,15.0,14.1,13.8,14.2,13.8,14.7,15.9,15.4,65.1,66.3,73.8,75.1,78.8,75.3,83.7,84.0,79.2,75.6,70.7,72.0,66.0,64.3,65.2,61.0,55.1,58.2,60.7,56.2,13.9,14.8,15.7,15.4,14.8,14.5,13.6,13.3,13.7,14.6,15.4,14.8,14.9,14.1,1794.9,
05/02/2025,13.3,13.6,14.3,14.7,15.6,15.1,14.9,14.4,13.6,13.2,14.2,14.9,15.1,14.9,62.0,68.0,68.2,70.8,74.3,77.6,83.3,83.2,78.1,80.1,76.3,69.7,65.7,61.1,60.6,63.3,62.1,55.7,54.6,57.7,14.3,15.0,15.4,15.4,14.1,14.5,13.3,13.3,14.0,14.5,15.9,15.1,14.5,13.8,1777.3,
06/02/2025,14.7,15.6,15.5,14.8,14.7,13.8,13.3,13.8,14.6,15.3,15.4,15.1,14.9,14.5,64.1,67.8,70.4,70.9,78.4,76.5,85.0,80.7,81.6,75.6,72.0,75.1,72.8,66.0,60.6,56.4,59.8,53.9,56.9,54.7,15.8,15.2,14.8,13.7,13.5,14.1,14.9,15.1,16.0,15.1,14.3,13.8,13.2,13.4,1788.1,
07/02/2025,15.4,15.7,15.1,14.9,14.2,13.4,13.9,13.9,15.1,15.2,15.5,15.3,14.2,13.4,60.3,65.3,69.2,75.1,79.5,75.0,79.9,83.4,83.8,79.6,77.5,72.7,64.4,62.9,59.4,57.1,60.9,57.6,54.2,58.1,15.2,14.7,13.9,13.5,13.2,14.1,14.6,15.6,15.5,15.3,13.7,13.9,13.5,14.2,1782.0,
08/02/2025,13.8,13.8,14.2,15.0,15.4,15.6,14.5,14.1,13.9,14.1,14.4,15.3,15.5,15.7,15.3,14.0,31.9,30.4,32.2,33.7,32.9,33.5,32.8,33.2,13.7,13.5,14.3,14.9,15.9,14.7,14.9,14.4,13.4,13.4,14.2,14.6,15.2,15.0,14.7,13.4,13.4,13.7,14.0,14.8,15.7,15.8,14.5,14.3,841.6,
09/02/2025,13.7,13.4,13.6,14.0,14.7,15.6,15.3,15.2,14.1,13.4,13.0,14.1,14.4,15.6,15.7,14.9,14.2,13.7,13.4,13.5,15.1,15.1,15.6,15.0,14.3,13.7,13.7,13.7,15.0,15.4,15.4,14.8,14.2,13.8,13.2,13.5,14.6,15.5,15.3,15.4,14.6,14.0,13.9,14.0,14.9,15.1,14.6,15.1,694.0,
10/02/2025,13.5,14.3,14.3,15.7,15.2,14.4,13.5,13.3,13.5,14.1,14.7,15.4,15.1,14.8,63.8,63.3,67.5,76.4,79.9,78.8,87.8,77.4,78.8,73.6,70.7,70.2,64.5,62.4,59.4,62.2,61.8,53.5,59.0,58.7,15.2,15.7,14.9,14.3,13.8,13.9,13.7,14.4,15.4,15.6,15.3,14.7,13.8,13.9,1776.1,
11/02/2025,15.1,14.2,13.9,13.7,13.7,14.7,15.5,14.4,14.6,14.5,13.5,13.9,13.9,14.5,67.9,65.8,74.8,68.5,79.0,81.5,84.8,84.4,83.0,79.8,72.3,68.2,68.4,63.6,60.0,55.9,55.4,55.3,57.7,54.5,14.2,13.6,13.4,14.6,15.1,15.5,15.2,14.5,13.3,13.1,14.2,14.5,15.6,15.6,1783.3,
12/02/2025,15.3,14.8,14.8,14.1,14.0,13.6,14.3,14.5,15.2,15.4,14.5,13.7,13.9,14.1,62.4,69.3,69.2,78.0,77.6,77.0,78.1,80.2,81.3,77.1,75.3,73.6,64.4,61.6,58.0,59.0,58.4,56.6,60.6,55.9,14.8,13.8,13.4,13.7,13.8,14.8,15.2,15.0,14.6,13.7,13.3,13.9,14.9,15.3,1776.0,
13/02/2025,14.7,15.6,15.5,15.0,14.4,13.6,12.9,13.6,14.3,15.4,15.3,14.5,14.4,13.8,58.3,72.9,66.9,70.5,78.7,80.5,83.0,82.5,75.9,80.6,72.1,71.0,66.3,63.1,60.8,57.7,57.9,58.8,58.4,63.4,15.4,15.9,14.1,13.8,13.4,13.1,14.3,15.0,15.7,15.1,14.3,13.9,13.5,13.8,1783.6,
14/02/2025,14.4,13.3,13.5,14.3,14.1,15.1,15.5,15.0,14.1,13.7,13.3,14.2,14.8,15.9,59.1,70.9,72.0,74.9,75.1,78.9,80.2,77.2,77.9,79.1,75.1,65.2,66.8,65.3,60.5,61.1,55.8,54.7,58.0,57.9,13.3,14.0,53.2,53.6,56.9,53.2,54.3,51.3,52.3,52.6,55.2,52.4,15.5,14.7,2159.4,
15/02/2025,14.7,15.2,15.3,14.8,14.2,13.9,13.5,13.8,14.3,16.1,14.8,14.5,14.2,13.8,14.0,14.0,14.7,15.5,15.5,14.5,14.4,13.8,14.1,13.7,15.0,14.8,15.9,15.1,14.6,13.9,13.7,13.9,14.4,15.2,15.2,15.1,13.9,13.8,13.8,14.2,15.0,15.3,15.4,15.0,14.5,13.9,13.6,13.5,696.0,
16/02/2025,13.9,13.7,14.5,14.9,15.3,16.0,14.5,13.6,14.1,13.7,14.1,14.8,14.8,15.9,15.0,14.2,13.8,13.4,14.3,15.3,14.7,15.6,15.0,14.1,13.3,13.6,14.0,15.0,15.3,15.6,14.6,13.9,13.9,13.6,14.3,14.5,15.9,14.9,14.8,14.0,13.3,13.5,14.5,15.5,15.4,15.3,14.2,14.5,696.6,
17/02/2025,13.9,13.4,13.6,14.2,15.2,16.0,15.7,14.9,14.1,13.6,13.8,14.3,14.9,14.8,62.7,62.8,74.8,76.5,79.1,85.3,77.7,87.6,84.6,76.3,76.2,71.6,64.1,60.1,62.9,60.4,57.5,58.9,57.3,57.4,13.5,13.7,14.9,15.1,15.6,15.1,14.7,13.7,13.8,14.0,14.3,15.6,16.0,15.0,1801.2,
18/02/2025,16.1,15.6,15.3,13.9,13.3,13.7,14.1,15.1,15.4,15.4,14.6,13.7,13.4,14.0,64.1,69.3,71.9,77.3,75.9,78.9,80.8,81.3,76.1,78.1,76.1,72.4,62.6,65.7,59.8,60.4,61.6,57.1,58.7,61.1,14.8,14.2,13.5,14.1,14.8,14.8,15.4,15.2,14.9,14.1,13.3,13.9,13.9,15.4,1795.1,
19/02/2025,14.2,15.4,15.2,15.1,14.2,13.0,13.2,14.0,15.2,15.9,15.6,15.3,13.9,13.7,63.2,63.9,68.3,74.9,79.4,75.2,84.7,82.8,80.5,76.1,73.4,72.5,65.1,61.8,62.6,55.2,62.1,55.2,57.8,57.7,15.5,14.7,13.8,13.7,13.7,14.1,14.8,15.7,15.3,15.0,13.8,13.7,13.6,14.3,1778.0,
20/02/2025,15.1,14.3,13.5,13.5,13.7,14.2,15.6,15.8,14.6,13.9,13.4,13.6,14.6,14.2,61.9,67.2,74.4,75.1,75.8,75.4,80.8,73.7,76.7,80.8,78.7,68.9,66.4,60.2,59.2,58.7,59.6,57.6,59.7,54.4,13.7,13.7,13.5,14.0,15.4,15.1,14.8,14.5,14.1,13.3,13.6,15.0,14.8,15.8,1766.5,
21/02/2025,14.4,13.5,13.5,13.8,14.6,15.3,15.3,14.5,14.5,13.5,13.8,14.0,15.6,15.5,66.6,64.9,72.4,73.0,76.7,80.1,76.2,81.6,81.8,82.1,76.8,69.4,66.9,67.8,61.9,62.8,63.8,54.8,57.2,57.0,14.2,14.0,14.6,15.0,15.8,15.2,14.6,13.8,13.4,13.8,14.5,15.2,15.7,14.9,1800.3,
22/02/2025,13.8,14.6,15.0,15.8,15.4,14.7,13.9,13.6,13.5,14.2,15.2,15.8,15.2,14.8,13.8,13.3,32.3,32.8,34.0,35.1,33.3,32.4,31.6,31.9,13.6,14.3,15.3,15.1,15.1,14.3,14.4,13.5,13.6,14.5,15.4,14.9,15.0,14.7,13.7,13.1,13.6,14.5,15.2,16.1,14.8,14.2,13.6,13.8,842.3,
23/02/2025,15.2,14.9,14.9,13.8,13.9,13.8,14.2,15.4,15.8,15.8,14.6,13.9,13.9,14.0,14.4,14.8,15.2,14.9,14.4,13.9,13.2,13.9,13.6,14.9,15.3,15.5,14.9,13.6,13.6,13.4,14.4,14.7,15.5,15.8,15.3,14.3,13.3,13.6,14.1,14.9,15.0,15.2,15.0,14.6,13.7,13.8,14.5,14.6,695.9,
24/02/2025,14.4,15.6,15.5,15.0,14.7,13.2,13.9,13.7,14.8,15.3,15.8,15.5,14.1,14.0,59.8,65.6,72.5,77.7,82.1,77.6,84.9,79.9,77.8,78.4,74.8,76.3,65.2,61.7,59.2,61.2,57.8,61.7,62.6,62.7,15.6,15.2,14.9,13.8,13.3,13.9,14.8,15.3,15.3,14.9,13.9,13.9,13.3,13.7,1806.8,
25/02/2025,14.4,14.0,13.3,13.9,14.7,15.6,15.2,14.8,14.4,13.5,13.3,14.0,14.5,15.3,66.6,63.3,69.6,74.3,83.3,79.3,79.2,82.0,83.9,79.0,76.0,68.6,66.4,63.3,60.6,64.4,60.4,60.9,58.6,56.0,13.6,14.1,15.3,15.4,15.3,14.9,14.6,13.8,13.7,13.9,15.0,15.6,15.5,15.0,1802.3,
26/02/2025,14.8,15.5,15.4,15.1,13.9,13.9,13.5,14.4,14.1,15.4,15.7,15.0,14.6,13.8,67.1,71.4,72.7,77.6,76.2,80.6,84.5,80.9,77.7,74.7,72.8,66.8,73.9,64.2,64.5,54.8,58.9,54.5,61.6,55.4,15.9,15.4,14.1,14.1,13.6,13.5,14.5,15.2,15.3,15.6,14.6,14.1,13.3,13.5,1798.6,
27/02/2025,14.4,13.7,13.8,14.2,14.9,15.7,15.5,15.1,14.9,14.0,13.3,13.6,15.2,15.3,68.3,66.1,72.8,75.8,79.4,78.4,83.1,78.1,83.0,75.2,73.4,69.6,67.5,62.5,58.3,61.6,56.3,60.5,53.4,56.1,13.7,14.1,14.6,15.3,14.9,15.3,14.6,14.0,14.0,13.9,14.8,15.9,15.9,14.8,1788.8,
28/02/2025,13.0,13.6,13.9,15.0,15.8,15.0,15.0,13.8,14.3,13.7,14.4,14.7,14.9,15.2,62.4,66.1,74.6,77.9,71.5,82.7,81.8,80.7,84.1,74.8,68.3,65.0,63.7,62.4,57.9,60.6,57.7,54.8,53.0,53.0,14.4,14.6,54.3,51.7,55.5,52.2,52.0,51.8,55.7,53.2,54.9,52.7,14.4,13.8,2146.5,
01/03/2025,13.9,13.9,14.3,14.8,15.6,15.2,15.2,13.4,13.5,13.5,14.6,15.0,15.9,15.9,15.0,13.7,13.4,13.5,14.4,15.1,15.1,15.7,14.6,14.0,13.7,13.6,14.7,15.4,15.1,15.1,15.2,14.2,13.8,13.7,14.6,15.3,15.8,15.3,15.1,13.7,13.6,13.5,14.0,14.7,14.9,15.9,14.8,14.1,699.0,
02/03/2025,15.7,15.7,15.2,13.9,13.6,13.5,14.6,15.2,15.8,15.7,15.0,14.2,13.6,13.4,14.5,15.7,15.4,15.2,14.9,14.5,13.3,13.1,14.2,15.2,15.5,15.3,14.6,13.8,13.4,13.9,14.6,14.7,16.1,15.5,14.9,13.9,13.7,13.4,14.9,15.6,15.5,15.0,14.7,14.2,13.5,13.5,14.4,14.9,700.6,
03/03/2025,14.7,14.0,13.8,13.9,14.9,15.8,14.9,15.2,14.7,14.2,13.4,14.2,15.1,15.8,66.7,64.2,72.4,76.4,77.0,84.3,83.6,81.3,81.8,74.3,71.7,70.5,68.1,67.2,58.9,65.2,61.2,55.6,62.4,58.9,13.9,14.1,14.3,15.5,15.7,14.8,14.4,14.1,14.1,14.1,15.0,15.4,15.4,15.5,1812.6,
04/03/2025,15.9,15.6,14.6,14.4,13.9,13.4,14.7,15.2,15.7,14.8,14.3,14.3,13.4,14.0,65.0,70.1,71.5,73.4,78.6,81.4,79.4,75.8,82.2,72.3,73.0,67.7,69.4,61.6,64.3,59.3,59.2,54.8,60.6,57.3,14.7,13.8,13.8,13.9,14.1,15.2,15.9,15.8,14.6,13.7,13.5,14.1,14.6,14.5,1783.3,
05/03/2025,15.2,14.8,16.1,15.2,14.1,13.7,13.9,14.1,15.1,15.5,15.5,15.4,13.6,13.7,62.3,69.3,72.0,75.6,79.6,84.3,81.5,79.5,77.4,76.9,77.0,68.5,65.0,61.5,63.0,54.8,55.8,61.1,58.9,64.1,15.4,14.6,14.3,13.8,13.9,14.3,15.2,15.7,15.7,15.3,14.5,13.7,13.5,14.4,1798.3,
06/03/2025,13.5,13.7,14.1,15.7,15.3,15.7,15.1,14.4,13.6,13.7,14.2,14.2,15.3,15.9,63.1,73.5,71.1,78.1,76.0,81.5,78.7,81.6,82.8,73.9,73.4,72.5,66.3,64.0,65.1,58.9,55.3,58.9,56.7,57.1,14.1,15.2,15.1,16.2,15.0,14.1,13.6,13.4,14.8,15.0,15.4,16.1,15.2,14.1,1800.2,
07/03/2025,15.4,14.5,13.8,13.5,14.0,15.0,16.0,14.9,16.0,14.9,13.9,13.5,13.4,15.0,62.0,69.1,68.7,75.9,74.6,75.2,81.3,78.1,82.2,77.7,77.3,69.4,67.6,61.6,66.6,61.2,61.0,57.5,60.8,58.8,14.0,13.5,14.2,14.7,15.5,15.5,15.4,14.8,13.3,13.9,13.8,14.8,14.6,15.5,1793.9,
08/03/2025,14.5,15.5,15.6,15.1,14.2,13.3,14.0,13.9,14.9,15.3,15.4,14.6,14.5,13.9,13.7,14.2,33.0,34.1,35.6,32.9,32.5,32.6,31.5,33.3,15.3,15.8,16.1,15.3,14.5,13.5,13.6,14.5,15.3,15.0,15.1,14.7,14.0,14.1,14.2,14.3,15.1,16.2,15.7,15.2,14.3,13.8,14.1,14.4,852.2,
09/03/2025,14.4,13.7,13.7,13.6,15.0,15.5,15.7,14.8,14.5,13.8,13.6,14.2,14.6,15.1,15.8,14.5,14.6,14.3,13.8,14.4,15.4,15.8,16.3,14.9,14.3,13.9,13.2,14.1,14.9,15.9,15.9,15.4,14.6,13.8,13.7,14.3,15.2,15.3,15.8,15.1,14.5,14.1,13.6,13.9,14.6,15.3,15.8,15.1,704.3,
10/03/2025,13.7,14.8,15.3,15.9,16.1,15.3,14.1,13.7,14.2,14.9,15.2,15.3,15.7,14.8,59.8,66.0,71.7,73.0,81.4,84.8,82.1,85.1,81.1,79.0,71.0,72.2,67.5,59.8,65.1,65.2,55.9,53.6,57.6,59.1,15.1,15.4,15.0,14.8,13.7,13.8,13.8,15.0,15.5,15.8,15.0,14.8,14.1,13.7,1805.5,
11/03/2025,15.5,14.6,13.6,13.0,13.6,15.0,15.6,16.0,15.4,14.7,13.9,13.2,14.0,14.5,64.8,66.7,70.5,69.4,77.7,77.2,79.9,82.6,83.2,81.0,71.6,65.7,66.4,61.8,61.5,57.8,61.0,57.5,61.9,53.9,14.0,13.4,14.0,14.6,15.6,15.5,15.6,14.8,13.7,13.8,13.8,14.5,15.1,15.3,1778.4,
12/03/2025,15.1,15.5,15.5,15.3,14.5,13.7,13.2,14.4,14.5,15.3,15.5,15.5,13.6,13.3,60.7,70.1,67.1,74.0,79.6,81.6,77.9,83.4,80.9,73.4,77.6,73.9,64.9,62.5,58.0,55.3,59.5,59.2,56.7,57.3,15.4,14.8,14.3,13.5,14.1,14.3,15.3,15.3,15.8,15.8,14.3,13.4,14.0,14.1,1782.9,
13/03/2025,13.3,13.4,14.0,15.3,15.4,15.3,14.9,14.3,13.9,14.1,14.3,15.4,15.4,16.1,61.0,70.4,70.6,74.5,74.7,84.7,81.0,83.4,77.5,76.0,75.2,71.6,70.0,67.2,57.2,62.4,57.1,55.4,60.0,52.8,14.3,14.4,15.1,15.5,15.6,14.0,13.7,14.3,14.4,15.3,15.7,15.3,14.7,14.1,1794.2,
14/03/2025,13.7,13.6,14.2,15.2,16.0,16.3,14.8,14.3,13.4,13.6,13.9,15.7,15.5,15.9,68.3,69.3,67.8,67.0,78.7,80.3,85.4,78.2,79.7,79.8,77.9,74.4,66.8,67.4,62.4,59.8,58.6,56.9,59.8,51.7,14.7,14.7,56.7,57.5,57.6,54.4,53.7,54.2,55.8,51.6,52.5,55.8,15.2,14.4,2205.1,
15/03/2025,14.9,15.4,15.8,15.2,13.5,13.7,14.0,13.9,15.3,15.2,15.7,14.8,13.8,13.8,13.7,14.7,15.3,15.1,15.7,15.4,14.5,14.2,14.3,14.1,15.2,16.4,16.0,14.9,13.9,13.3,13.9,14.3,15.0,15.4,15.4,15.3,14.3,13.9,13.3,14.8,15.4,16.0,15.0,15.3,13.9,13.9,14.1,14.6,705.5,
16/03/2025,14.1,15.1,15.4,15.5,15.3,14.8,14.3,13.4,14.1,14.6,15.2,15.4,15.3,14.9,14.0,13.9,13.4,14.2,15.0,16.1,15.4,14.8,14.2,13.9,13.7,14.2,15.2,15.2,15.5,14.6,14.1,13.7,13.8,14.8,16.2,15.1,16.2,14.5,13.7,13.4,14.1,14.6,15.1,15.5,15.3,15.0,14.4,13.6,703.8,
17/03/2025,14.3,13.7,13.1,14.2,15.1,15.5,15.5,15.6,14.5,13.9,13.8,14.2,15.3,15.2,67.8,69.9,71.2,70.7,77.8,86.9,80.9,83.3,78.6,75.4,71.7,72.0,70.6,65.3,59.3,63.7,58.6,57.2,53.8,59.6,13.4,14.0,15.3,15.5,15.4,15.1,14.9,14.0,13.5,13.6,15.4,15.7,15.6,14.9,1804.5,
18/03/2025,14.8,14.3,14.0,13.5,14.5,15.0,15.3,15.4,15.8,14.6,14.7,13.7,13.6,14.1,63.0,69.3,71.8,75.8,76.2,83.3,79.6,86.4,87.0,77.7,76.6,74.0,61.8,65.4,59.1,60.6,60.7,62.0,57.0,58.9,14.1,13.3,13.7,14.9,15.7,15.8,15.2,14.7,13.9,13.5,13.6,14.8,15.2,15.7,1813.6,
19/03/2025,15.1,15.8,14.7,14.2,14.1,14.3,14.7,15.0,15.7,15.7,15.0,14.2,13.9,14.1,59.6,64.1,71.0,72.9,79.7,80.0,78.6,80.9,78.9,74.6,79.7,68.2,66.9,58.7,61.4,56.4,57.5,60.0,57.8,62.2,14.6,14.5,13.6,13.6,14.5,15.5,15.9,15.6,15.7,14.2,13.8,13.7,14.3,15.0,1780.1,
20/03/2025,14.1,14.0,13.8,14.0,14.9,15.9,15.7,15.3,14.6,14.0,13.5,13.5,14.4,15.7,66.1,71.9,68.5,75.2,82.2,78.6,82.2,84.7,80.4,79.3,73.5,67.3,67.0,63.7,58.7,59.6,62.3,56.2,56.2,60.6,13.5,14.5,15.2,15.2,15.9,15.4,14.3,13.2,13.9,13.8,14.9,15.1,15.9,14.7,1803.1,
21/03/2025,15.6,15.4,14.9,13.7,13.8,14.0,14.4,15.2,14.9,16.1,14.9,14.3,13.8,13.9,66.3,70.8,75.2,74.7,79.7,78.8,79.4,84.6,79.9,80.5,75.7,67.7,67.1,59.7,62.0,58.7,56.1,62.7,62.5,58.6,14.4,14.1,14.0,14.1,14.5,15.5,16.0,15.3,14.5,14.4,13.7,14.4,14.4,15.6,1810.5,
22/03/2025,15.4,15.9,15.7,14.9,14.3,13.7,13.8,14.1,15.2,16.3,15.4,15.3,13.8,13.9,13.9,14.1,32.3,35.2,36.1,35.4,32.8,33.2,32.9,33.1,15.0,15.3,15.4,15.1,14.0,14.0,13.6,14.3,15.1,15.0,16.0,15.2,13.7,13.7,13.7,14.1,15.2,16.1,15.8,14.7,14.2,13.2,13.8,14.1,857.0,
23/03/2025,15.0,15.8,16.1,15.5,14.6,13.5,14.3,14.7,14.8,15.7,15.4,15.3,14.7,13.8,14.2,14.2,14.7,15.4,15.9,14.9,14.8,13.9,14.0,14.2,14.7,15.4,16.2,15.5,14.8,14.1,13.7,13.8,15.4,15.5,16.2,15.4,15.0,13.7,13.4,14.0,14.7,15.8,15.9,14.9,14.4,13.6,13.5,14.1,709.1,
24/03/2025,15.6,16.0,15.1,13.9,14.1,14.2,14.6,15.2,16.4,15.9,14.6,14.2,13.5,14.2,63.2,65.5,70.2,79.4,80.8,76.7,77.9,82.0,84.1,78.9,78.7,74.5,67.4,64.3,57.5,64.0,55.0,56.0,61.8,62.2,15.1,14.7,13.6,13.9,14.2,15.9,15.4,15.8,14.4,13.9,13.8,13.6,14.5,14.9,1811.3,
25/03/2025,13.8,13.5,14.1,15.3,15.2,15.9,14.9,14.8,13.6,13.6,14.5,15.5,15.0,15.5,67.2,67.5,68.9,73.9,79.4,80.0,83.5,83.3,75.1,74.8,77.0,72.2,63.9,61.4,64.0,56.5,63.3,57.1,59.2,54.2,14.6,15.4,15.9,15.9,15.3,14.4,13.6,13.9,14.3,15.1,15.9,15.7,14.9,14.5,1797.0,
26/03/2025,14.7,15.7,15.4,15.8,14.8,14.1,13.8,13.8,14.4,15.6,15.7,15.5,15.0,14.1,60.9,64.3,73.3,80.5,74.3,78.7,83.2,80.0,79.9,82.8,71.8,72.4,61.7,63.4,68.3,59.0,59.1,55.3,57.6,54.0,15.8,15.0,14.6,14.2,13.9,14.2,14.7,15.5,15.4,15.6,14.9,13.9,13.6,13.9,1794.1,
27/03/2025,14.0,15.2,15.2,15.9,15.9,14.9,13.8,13.9,14.4,14.7,15.4,15.8,14.9,15.0,62.3,69.1,69.4,74.8,77.9,83.6,82.4,87.3,80.0,80.8,66.4,70.8,66.5,68.5,62.7,59.3,60.0,57.3,56.6,54.1,15.6,16.4,15.1,15.3,13.8,13.6,13.6,14.5,15.0,15.6,15.5,14.9,14.2,13.8,1805.7,
28/03/2025,15.8,16.1,15.0,14.6,13.8,13.8,14.2,14.5,15.7,15.3,15.0,14.6,13.2,14.1,65.3,71.0,72.2,76.6,76.1,85.2,78.6,82.5,76.7,79.7,71.3,66.9,63.8,62.6,62.8,62.3,58.6,56.0,55.7,55.8,14.7,14.6,56.2,53.8,54.8,53.0,52.7,55.4,54.1,52.7,55.9,54.9,14.5,15.7,2188.4,
29/03/2025,15.3,15.9,15.9,15.9,14.7,14.0,13.4,14.5,15.2,15.3,15.5,16.1,14.8,13.7,13.7,14.3,15.2,15.9,16.4,15.7,14.8,14.3,13.6,14.0,14.5,15.9,15.6,15.5,14.7,13.9,13.7,14.4,15.4,15.5,15.6,16.1,14.7,13.8,13.7,14.4,14.9,15.7,15.4,15.2,15.0,14.1,14.1,13.7,713.6,
30/03/2025,13.8,14.8,,,15.7,14.7,13.9,13.4,14.4,14.7,15.3,16.2,16.1,14.8,14.0,13.9,13.5,14.9,15.7,15.9,15.9,14.9,14.2,14.2,14.0,15.2,15.7,15.8,15.6,14.7,14.5,14.5,13.9,14.8,15.6,15.9,15.6,15.1,13.8,13.5,14.1,14.7,15.5,16.1,16.0,14.6,14.0,14.1,682.2,
31/03/2025,15.3,15.9,16.2,14.7,14.9,13.9,13.5,14.8,15.8,16.3,15.7,15.4,14.6,13.5,71.2,69.0,74.8,79.1,81.8,81.5,83.8,77.4,81.3,81.6,75.9,75.4,73.7,61.6,56.2,55.8,57.9,56.1,57.1,57.7,15.6,14.8,14.2,13.9,13.4,14.8,15.2,15.8,15.8,15.4,14.6,13.7,13.7,15.0,1825.3,
01/04/2025,14.0,13.7,13.6,14.6,15.2,15.8,15.6,15.5,14.3,13.8,13.6,14.1,14.8,15.8,66.9,66.2,67.4,69.1,77.4,82.2,86.4,79.7,79.7,78.2,76.2,70.3,72.4,65.4,66.3,63.5,61.1,60.0,57.3,59.0,14.0,14.5,15.2,16.3,15.5,15.4,14.7,13.5,13.8,14.0,15.2,15.5,16.1,15.9,1818.7,
02/04/2025,13.8,13.7,14.2,15.4,15.6,16.1,15.7,14.9,14.4,13.9,14.7,15.1,15.4,16.0,63.9,63.6,66.5,67.6,80.1,84.0,87.2,77.4,79.1,74.1,71.0,67.3,63.3,65.9,62.8,65.1,57.6,55.8,52.6,59.4,14.4,15.4,16.2,16.0,15.1,14.4,14.4,13.8,14.7,15.5,15.4,16.0,14.8,14.4,1783.7,
03/04/2025,16.0,14.7,13.7,13.8,14.1,14.9,15.7,16.0,15.1,15.1,13.5,13.7,14.4,14.7,65.3,70.0,70.3,70.6,78.4,76.7,84.5,83.6,77.5,81.9,73.9,70.8,66.4,63.8,55.0,60.6,64.1,61.6,56.3,57.8,14.0,13.8,14.0,14.4,15.3,16.3,15.8,14.6,14.2,13.8,14.4,14.8,15.6,15.6,1801.1,
04/04/2025,15.3,15.9,16.0,16.3,15.1,14.5,13.9,14.1,15.1,15.7,15.8,15.9,14.7,14.1,64.8,64.6,70.5,73.4,82.1,79.9,85.1,78.9,78.7,79.5,77.2,68.9,68.7,62.2,63.4,64.0,60.8,57.4,54.1,57.2,16.0,15.9,14.9,14.0,13.9,14.5,15.1,16.0,15.8,15.8,14.7,14.1,14.0,13.8,1812.3,
05/04/2025,13.8,14.0,14.6,15.6,15.2,15.3,15.5,14.6,14.4,13.9,14.9,16.0,15.2,15.3,15.1,14.0,33.6,32.3,33.7,35.0,33.2,33.4,34.2,35.3,13.9,14.3,14.8,15.2,15.8,15.3,15.1,14.3,13.7,14.1,14.7,15.5,16.6,16.0,14.6,14.0,13.9,13.7,14.5,15.8,15.9,15.4,15.7,14.4,865.3,
06/04/2025,14.1,14.8,15.7,15.7,15.7,15.4,14.6,13.6,14.1,15.2,15.5,15.5,15.5,15.2,14.2,13.9,14.1,14.7,15.7,16.4,15.9,15.2,14.5,14.0,14.4,14.2,15.6,16.1,15.7,14.7,14.2,13.6,14.2,15.0,15.5,16.3,15.6,14.8,14.2,13.7,14.3,14.7,15.7,16.2,15.2,15.0,14.3,13.3,715.7,
07/04/2025,15.3,15.8,15.4,15.7,14.5,13.3,13.8,14.4,15.3,15.6,15.5,15.4,14.2,14.2,60.6,65.0,70.2,77.4,82.2,83.1,78.5,82.1,82.5,77.5,75.9,71.1,71.1,62.9,62.2,60.7,59.8,60.6,58.4,58.1,15.9,15.6,14.4,13.7,13.4,14.1,15.3,15.8,15.9,14.9,14.8,13.8,13.4,14.2,1813.5,
08/04/2025,15.1,15.9,15.4,15.6,14.5,14.2,14.3,14.4,15.1,16.1,15.3,15.7,14.5,13.8,64.4,62.7,74.4,73.3,82.9,77.6,81.0,82.7,75.4,76.8,73.8,73.7,66.4,66.9,60.4,59.4,59.4,55.7,57.1,60.3,15.4,15.4,14.6,14.0,13.9,14.5,14.5,15.4,16.2,15.5,14.9,13.9,14.4,14.5,1801.3,
09/04/2025,15.0,13.9,13.7,14.6,14.8,16.3,16.5,15.5,15.1,13.9,13.8,14.5,15.0,16.1,60.1,70.1,74.8,78.1,74.3,76.4,82.4,80.9,83.2,80.7,70.1,72.6,63.0,63.3,64.1,65.1,65.9,61.8,59.2,54.5,13.5,14.3,15.4,15.5,16.4,15.9,14.5,14.4,13.4,14.2,15.4,16.1,16.3,15.8,1820.4,
10/04/2025,15.4,16.1,15.9,14.9,14.8,14.1,13.9,14.4,15.9,15.6,15.9,15.1,14.5,14.3,66.8,67.5,74.8,79.7,82.7,80.1,80.3,77.7,77.9,78.9,73.1,68.8,72.2,60.7,62.1,57.3,55.2,61.2,61.6,61.1,16.0,15.0,14.4,13.8,13.7,14.7,15.2,16.0,16.5,15.1,14.2,13.9,13.8,14.4,1817.2,
11/04/2025,14.8,15.3,15.9,15.2,14.5,14.9,14.6,15.0,15.0,15.4,16.2,15.3,14.7,13.8,65.7,66.3,73.5,69.7,82.8,82.2,84.2,82.6,78.8,83.3,75.2,70.9,70.7,66.3,58.7,60.0,60.3,53.7,54.8,54.8,16.1,16.1,57.8,54.6,55.4,56.5,56.1,51.7,58.5,58.4,53.1,53.1,13.8,14.3,2220.6,
12/04/2025,15.7,15.3,13.9,13.2,14.1,14.8,15.5,15.5,15.4,14.5,14.4,13.6,14.2,15.4,15.6,16.1,16.0,15.1,14.0,13.6,14.6,15.1,15.5,15.9,15.7,14.4,14.3,14.2,14.0,14.7,15.6,16.0,16.3,15.2,14.2,13.7,14.2,14.9,15.4,15.9,15.8,14.6,13.8,13.8,14.1,14.5,16.1,16.4,714.8,
13/04/2025,16.0,15.8,16.1,15.8,14.7,14.3,14.0,14.4,15.5,16.1,16.2,15.7,14.6,13.9,14.3,14.5,15.1,16.3,15.3,15.7,14.8,14.0,14.3,14.4,15.5,15.5,15.6,15.5,14.4,13.7,14.2,14.5,15.2,15.9,16.4,15.7,14.6,14.2,13.8,15.1,15.8,15.8,16.0,15.7,14.8,14.3,14.2,14.7,722.9,
14/04/2025,14.6,16.3,15.9,15.7,14.9,14.4,13.8,14.0,15.5,16.0,16.5,15.6,15.0,14.4,65.1,64.3,69.6,71.5,80.7,78.7,84.7,81.3,77.9,78.2,68.1,73.2,65.8,66.3,60.7,58.2,60.5,57.4,62.6,60.1,15.7,16.1,15.2,14.1,13.5,14.0,14.9,15.8,16.4,15.7,14.9,14.3,13.6,14.6,1806.3,
15/04/2025,15.6,16.0,16.6,15.6,14.9,14.5,13.9,14.1,15.6,15.8,15.8,15.7,14.2,14.4,66.6,68.3,73.4,72.8,75.3,75.0,78.6,79.3,84.4,77.1,74.7,75.8,70.9,64.5,64.9,59.0,60.0,63.2,61.7,58.4,15.4,15.2,14.6,13.6,13.7,14.3,15.6,16.1,15.3,15.6,14.6,14.3,13.8,14.4,1823.1,
16/04/2025,14.2,13.9,14.2,15.4,16.2,16.1,15.3,14.7,13.9,13.7,14.7,15.7,16.4,15.8,68.6,68.0,68.5,73.8,79.8,78.9,83.7,81.1,81.7,78.1,70.2,68.2,64.5,67.5,57.6,59.2,57.2,61.2,54.6,56.2,14.6,14.8,16.1,16.1,14.9,14.6,13.9,14.3,14.2,15.3,16.0,15.7,15.4,13.9,1798.6,
17/04/2025,15.3,15.9,15.4,14.2,14.0,14.2,15.0,15.6,15.5,15.9,15.2,14.8,13.5,14.8,64.9,68.2,73.9,76.4,76.6,80.8,79.7,82.1,82.5,74.4,77.7,68.4,68.3,68.0,59.8,55.3,57.5,58.3,56.3,59.9,15.1,14.6,13.9,14.4,14.6,15.8,16.2,15.9,15.7,14.5,14.0,14.4,14.9,15.5,1807.8,
18/04/2025,154.3,165.7,159.2,159.0,149.4,142.0,134.2,141.6,148.9,163.2,157.3,161.1,146.2,141.2,646.3,709.8,679.3,753.3,818.5,822.4,875.3,811.4,826.4,791.0,716.8,713.1,732.1,662.9,629.1,632.1,522.7,589.7,528.5,545.8,164.9,158.1,150.3,137.5,139.2,140.5,148.9,152.8,162.9,156.6,149.0,138.9,139.9,140.6,18209.9,
19/04/2025,147.3,142.7,140.8,146.5,150.9,153.4,161.7,152.5,146.6,137.6,139.1,146.7,152.0,155.7,161.3,156.6,328.3,338.4,336.1,345.7,334.1,322.4,336.0,324.4,146.6,137.5,139.3,141.8,150.9,157.8,166.3,157.8,148.5,139.2,141.5,144.4,156.7,158.9,166.3,155.1,147.9,139.6,139.7,141.9,149.5,154.3,158.1,152.9,8649.3,
20/04/2025,142.8,147.3,156.7,165.4,160.7,146.8,144.7,141.3,141.5,146.4,158.4,160.4,159.7,153.3,144.8,138.2,137.4,149.5,156.8,160.7,159.9,153.1,140.5,141.9,142.9,149.7,157.4,168.3,160.3,151.3,139.0,138.8,143.3,145.5,156.8,161.7,161.3,147.0,143.0,138.9,141.9,150.5,160.0,164.7,167.1,152.2,144.9,139.2,7233.9,
21/04/2025,161.0,156.5,151.9,142.4,136.2,142.0,146.9,157.3,160.3,161.0,156.8,145.8,138.8,140.5,675.2,686.6,766.6,741.4,790.9,798.6,816.9,863.6,779.2,761.9,779.5,701.5,734.8,631.2,566.7,603.9,555.8,606.0,598.5,615.5,157.5,142.1,139.5,140.5,155.5,156.8,164.0,163.2,151.1,146.9,138.9,136.7,147.5,156.9,18268.8,
22/04/2025,147.8,156.8,160.4,156.1,148.3,140.5,138.7,148.1,150.5,162.9,155.8,157.6,143.8,144.9,644.9,682.2,689.2,741.3,779.3,838.5,835.8,763.0,859.4,815.9,797.5,751.4,717.2,608.7,670.8,566.6,612.8,618.7,598.1,626.8,157.2,158.2,145.8,139.6,143.5,141.4,157.7,161.2,161.8,155.4,141.5,138.3,141.6,147.9,18421.4,
23/04/2025,140.1,136.3,146.5,153.1,158.6,162.0,155.1,141.4,139.9,142.5,147.8,155.1,161.1,156.7,615.9,679.7,717.5,707.6,786.4,856.1,844.4,809.3,823.7,806.1,755.4,674.7,639.0,602.5,648.2,574.2,543.0,528.4,548.0,574.5,147.4,152.9,156.7,159.0,156.5,146.3,143.9,140.4,142.5,153.5,163.8,161.2,154.5,145.7,17955.1,
24/04/2025,153.4,163.0,159.2,156.2,146.7,136.2,145.0,145.9,157.6,162.8,160.8,153.6,147.2,139.2,626.9,709.4,705.0,801.5,752.8,803.5,833.2,840.8,796.9,788.3,740.7,694.9,684.4,680.5,610.0,572.6,543.8,593.8,565.0,613.9,161.2,153.7,148.7,142.0,142.2,145.9,154.4,163.9,162.6,156.0,146.9,138.5,138.6,147.0,18186.3,
25/04/2025,158.3,157.8,162.1,156.3,145.9,140.4,142.6,144.4,159.4,155.4,163.1,157.2,150.8,135.0,616.3,635.8,734.4,748.5,811.9,802.5,845.5,814.9,751.6,755.5,727.8,692.0,646.7,650.5,639.8,587.1,601.1,579.3,572.8,587.1,159.2,153.0,515.0,556.1,522.9,529.5,590.1,544.6,571.5,552.4,531.5,520.7,139.7,144.7,21960.7,
26/04/2025,162.5,158.8,155.2,143.2,140.2,140.3,147.2,159.9,156.9,160.8,155.5,148.5,137.6,145.4,148.7,157.6,162.7,155.8,157.0,146.8,138.4,140.3,156.1,156.6,161.6,154.8,152.2,146.2,138.7,142.4,150.0,156.1,165.1,159.4,152.7,144.7,135.1,143.6,151.3,159.7,163.2,159.7,154.6,152.6,137.1,143.7,150.5,159.9,7266.9,
27/04/2025,150.9,167.8,165.4,154.6,152.3,141.4,146.9,147.5,149.1,161.2,159.8,151.0,144.0,141.7,138.8,149.8,150.1,160.5,162.8,156.6,145.2,141.7,138.0,144.8,150.9,165.5,160.0,152.2,146.0,144.8,145.9,144.3,160.9,161.1,165.0,158.0,144.6,139.0,136.2,147.0,156.6,160.6,157.3,156.7,149.3,141.4,139.2,147.9,7252.3,
28/04/2025,140.0,150.9,159.3,165.6,165.7,158.0,146.8,138.8,144.5,145.8,158.1,161.8,158.2,153.9,625.8,682.0,714.8,783.5,790.9,811.1,868.1,792.3,851.5,808.2,697.0,710.3,700.0,706.4,613.7,590.3,556.3,570.6,603.6,544.7,150.8,159.6,160.2,153.7,140.5,141.8,142.1,149.7,156.3,155.1,162.5,153.8,144.2,138.8,18277.6,
29/04/2025,151.3,162.8,160.0,157.3,149.1,139.7,139.0,146.6,156.6,155.9,162.1,151.0,146.0,147.6,632.1,624.7,704.5,735.6,839.8,812.8,832.0,787.3,770.9,791.1,728.4,773.9,666.3,653.2,657.1,638.5,568.7,543.6,611.0,547.6,165.3,156.1,150.5,145.7,142.6,148.4,154.5,163.5,160.4,148.2,146.7,144.3,143.6,146.3,18160.2,
30/04/2025,156.4,150.2,143.2,137.1,141.0,151.6,160.2,164.3,156.4,145.2,142.8,143.1,139.6,149.2,644.8,651.0,725.3,783.6,770.8,793.1,802.9,793.9,759.5,775.1,755.8,668.4,632.6,665.9,616.4,600.4,629.6,563.1,554.3,614.5,140.7,139.3,141.1,149.6,161.6,164.0,153.8,147.1,144.0,139.5,146.2,149.8,159.6,159.6,17977.2,
01/05/2025,161.2,170.8,170.0,158.6,156.0,146.1,147.6,154.2,160.7,171.7,166.3,160.9,149.1,141.8,686.5,696.3,737.4,707.5,943.5,973.0,963.8,967.3,923.9,922.8,864.9,898.6,770.3,755.9,716.5,708.7,718.0,689.4,605.1,654.9,175.0,159.5,152.5,151.4,151.7,157.6,164.7,170.1,164.0,158.3,152.6,148.1,148.4,155.4,20328.6,
02/05/2025,163.4,171.8,169.8,158.3,159.4,147.5,144.1,150.5,154.8,166.3,164.8,157.5,154.1,152.4,614.4,649.4,736.2,765.0,944.3,936.0,922.5,954.5,903.1,931.3,909.1,831.6,754.2,758.5,767.8,720.8,737.3,691.3,583.8,553.8,173.7,161.4,156.7,154.4,145.8,150.7,157.1,164.0,168.9,172.7,159.1,149.7,147.5,152.9,20094.2,
03/05/2025,153.7,147.2,145.7,152.9,157.6,163.8,167.0,165.2,151.3,149.5,142.6,150.8,156.3,170.3,164.3,157.3,333.0,325.8,321.5,343.0,349.7,362.3,365.3,362.3,153.2,149.2,142.0,148.7,163.9,170.4,168.3,160.4,152.4,153.2,146.1,154.1,162.6,169.1,171.0,162.8,158.2,147.5,145.0,153.1,160.6,169.5,166.7,158.1,9044.5,
04/05/2025,155.3,164.1,165.7,160.6,153.2,147.9,148.1,149.5,168.6,168.7,167.1,162.2,154.0,147.6,144.9,157.8,157.4,170.7,171.7,162.3,150.2,146.8,149.3,153.4,160.8,162.2,170.1,156.1,156.5,144.3,149.9,156.2,162.4,168.4,175.7,161.6,152.2,145.2,144.3,153.2,162.0,160.0,165.5,166.6,155.8,153.4,141.6,147.1,7548.2,
05/05/2025,166.1,165.6,172.2,160.5,156.8,145.7,146.2,157.8,165.0,167.0,159.8,167.7,152.9,147.4,630.2,685.4,741.7,742.5,933.1,943.1,948.6,952.2,906.1,900.4,841.7,837.6,779.5,748.6,719.5,761.4,725.7,670.3,580.8,602.7,171.3,163.7,150.4,147.1,148.2,149.2,155.1,173.3,171.3,164.0,152.4,149.0,142.5,151.4,20070.7,
06/05/2025,146.8,160.4,164.8,168.1,170.3,162.3,149.9,147.0,144.7,154.9,162.6,169.2,170.1,156.9,603.2,707.1,708.3,749.0,937.2,994.2,960.2,915.5,903.2,904.2,866.3,857.8,834.3,818.0,762.2,763.5,723.9,692.4,574.0,606.6,163.2,165.2,169.7,160.0,153.3,149.6,146.4,156.8,162.8,164.2,166.6,161.9,150.6,145.8,20325.2,
07/05/2025,165.0,168.6,160.3,151.1,144.9,147.1,157.7,166.4,163.8,169.2,159.3,151.5,148.2,150.1,697.6,667.0,741.2,745.2,902.9,950.3,971.7,977.3,930.1,985.0,881.3,851.7,761.8,737.8,733.7,707.6,748.4,674.6,645.5,609.7,158.7,159.5,142.4,152.6,153.0,165.0,169.2,164.9,164.6,152.8,143.3,151.8,153.3,169.5,20324.2,
08/05/2025,155.7,145.3,146.5,149.4,155.6,173.4,168.1,161.9,150.7,148.4,140.4,148.7,161.9,164.7,618.1,704.5,718.7,773.9,881.5,974.9,960.8,935.7,975.2,932.2,907.7,779.0,825.8,753.3,752.1,760.3,716.2,747.5,592.9,577.8,145.9,153.9,164.3,174.0,170.9,162.4,151.3,145.6,145.3,150.2,163.8,162.1,167.9,167.0,20283.4,
09/05/2025,154.1,147.4,148.3,156.5,165.3,166.3,163.8,164.7,152.1,146.3,144.0,155.4,159.7,168.2,616.4,657.9,681.6,700.9,867.8,903.2,1008.0,976.2,952.0,852.6,906.4,799.8,808.2,745.6,762.3,701.9,721.2,757.1,538.1,602.8,143.3,146.7,572.0,601.8,580.7,585.5,564.8,518.4,557.2,526.4,522.5,564.7,168.0,170.6,23974.7,
10/05/2025,14.7,14.7,16.0,16.6,17.2,16.6,16.5,14.9,14.6,14.4,16.0,16.6,16.9,16.6,16.1,15.4,14.1,15.0,15.7,16.4,17.1,17.3,16.4,15.4,14.5,14.6,15.4,15.7,17.1,16.5,16.3,15.3,14.6,14.2,15.6,16.5,17.1,17.0,15.9,15.6,14.7,15.0,15.2,16.2,17.1,17.0,16.2,15.7,760.2,
11/05/2025,15.5,16.8,16.6,17.2,15.8,15.3,15.1,14.9,15.9,17.3,16.8,16.6,15.6,14.6,15.2,15.3,15.9,16.4,17.0,16.8,16.3,15.5,14.7,15.6,16.1,17.1,17.1,16.5,16.2,14.8,14.4,14.8,16.3,17.1,17.3,16.7,15.3,15.3,14.8,15.2,15.7,16.6,17.3,16.4,15.9,14.9,14.7,15.4,764.6,
12/05/2025,17.3,17.0,15.8,15.1,15.0,14.9,16.2,16.1,17.6,16.5,15.6,14.9,14.3,15.3,62.4,71.7,70.4,79.2,95.8,89.8,92.9,91.0,92.9,85.1,86.5,78.0,77.4,75.6,73.5,76.4,74.0,72.4,58.5,60.0,15.7,15.3,15.0,14.8,15.8,16.4,17.8,17.2,16.0,15.6,14.6,14.9,15.9,17.1,2007.2,
13/05/2025,14.6,15.3,15.8,16.8,17.3,17.3,16.4,15.4,15.1,14.9,15.7,16.1,17.6,17.1,61.7,64.6,72.7,74.9,91.4,94.9,97.1,97.4,94.7,95.2,82.5,84.3,78.4,80.4,77.6,78.4,78.1,73.9,57.9,56.7,15.4,16.6,17.1,16.9,16.2,15.0,14.8,14.8,16.1,16.8,17.1,17.4,15.9,15.1,2043.4,
14/05/2025,16.6,17.2,16.3,14.9,15.0,15.0,15.3,16.5,17.0,17.5,16.0,15.4,14.7,15.4,61.7,66.3,70.5,72.2,86.5,94.5,93.4,95.8,98.3,96.0,87.6,82.8,78.8,76.8,75.9,73.7,75.5,69.2,55.6,60.6,16.2,15.2,14.3,15.0,15.8,16.6,17.6,16.3,16.3,15.0,14.4,15.1,15.6,16.4,2014.3,
15/05/2025,17.3,15.4,14.6,14.4,15.1,15.9,16.8,16.8,16.4,15.9,14.4,14.8,15.0,16.3,63.9,74.9,78.8,77.8,88.5,91.0,91.0,90.2,92.2,97.9,90.5,81.3,78.6,79.6,77.3,73.6,73.4,70.8,56.4,62.9,14.8,15.3,15.5,15.9,17.2,16.9,16.9,16.0,15.2,14.2,15.7,16.0,17.2,17.0,2033.5,
16/05/2025,14.7,14.8,15.5,16.4,17.3,17.8,15.8,15.1,14.2,14.7,15.5,16.6,16.9,16.4,64.1,70.9,74.4,72.4,88.5,90.5,96.5,99.6,96.4,92.7,89.0,80.4,81.1,71.8,78.3,73.7,75.8,67.4,60.0,54.2,16.0,15.9,17.4,16.6,16.4,15.3,14.5,14.7,15.6,16.8,17.0,17.3,15.9,15.1,2023.9,
17/05/2025,16.3,15.9,15.1,14.9,15.1,16.2,16.2,17.2,16.5,16.0,14.9,14.7,15.5,16.4,16.8,16.9,36.2,34.1,33.2,34.1,34.3,34.6,34.8,35.3,16.0,15.8,15.0,14.6,15.1,15.7,16.7,17.5,16.4,16.0,15.2,14.5,15.0,15.7,16.9,16.9,16.4,16.1,15.1,14.8,14.5,15.4,16.6,16.9,910.0,
18/05/2025,17.1,16.9,16.0,14.7,15.1,15.1,16.1,16.3,16.7,16.8,15.8,15.2,14.7,15.1,15.1,16.5,17.2,17.5,16.4,15.1,14.8,15.4,15.8,16.6,17.9,17.0,16.4,15.4,14.5,14.9,15.6,16.8,17.2,16.7,16.1,15.4,14.8,14.5,16.0,17.0,17.1,17.1,16.6,15.4,14.7,14.6,16.3,16.7,766.7,
19/05/2025,15.9,16.8,17.1,16.1,15.9,15.3,14.6,15.4,16.0,16.9,17.1,16.9,15.7,15.4,63.5,71.7,69.2,77.1,92.8,94.4,93.7,92.3,95.7,90.4,87.6,86.4,86.5,81.9,75.0,74.3,70.7,67.0,61.1,59.3,17.3,16.9,15.5,14.8,15.1,15.2,16.1,16.3,16.9,16.6,15.6,14.7,14.6,14.8,2036.1,
20/05/2025,16.2,14.1,14.8,15.4,16.1,16.7,17.1,16.4,15.6,14.7,14.0,15.6,16.6,17.1,64.2,69.2,70.8,74.6,91.0,92.4,95.0,95.9,96.4,96.3,87.8,88.6,82.2,71.2,75.8,73.8,74.4,72.4,55.5,54.9,15.0,15.4,16.4,17.3,16.9,16.5,15.1,14.4,14.6,15.9,16.5,16.7,17.0,17.0,2027.5,
21/05/2025,16.6,16.0,14.6,14.6,15.2,16.1,16.8,16.9,16.8,16.0,15.1,14.3,15.1,15.7,67.3,71.2,74.7,71.3,93.7,95.4,94.0,97.7,100.6,93.0,89.2,82.8,79.1,77.2,71.1,76.4,79.6,74.6,62.2,57.2,15.1,14.3,14.8,15.9,16.8,17.2,16.5,16.2,14.8,14.3,15.2,16.4,17.7,17.2,2050.5,
22/05/2025,14.6,15.0,15.6,16.5,16.7,17.2,16.6,15.4,15.0,15.0,15.5,17.3,17.1,17.0,63.3,69.2,66.0,74.1,99.8,93.0,93.0,99.5,97.6,94.2,83.7,76.9,79.9,78.8,74.4,79.7,70.2,73.7,59.7,62.5,14.9,16.1,16.3,17.0,15.8,15.7,14.7,14.7,15.7,16.2,17.1,16.9,16.1,15.5,2036.4,
23/05/2025,16.6,17.5,17.4,16.9,15.5,14.8,14.8,15.8,16.2,17.5,17.0,16.0,15.3,14.8,60.6,67.5,76.2,71.8,94.2,94.2,95.3,89.0,95.6,93.1,86.9,84.3,80.1,75.8,76.2,74.7,69.1,71.1,64.3,59.4,16.9,16.4,55.3,58.0,52.9,55.8,59.6,56.9,57.5,57.3,54.8,55.3,14.5,15.8,2432.5,
24/05/2025,15.2,14.9,15.1,16.0,17.5,17.1,16.1,15.8,15.3,15.2,15.4,16.9,17.2,17.1,16.5,15.1,14.5,14.7,15.1,16.9,17.1,17.4,16.1,15.8,14.5,15.6,15.9,16.1,17.5,16.8,15.9,15.7,15.1,14.8,15.9,16.6,17.8,16.7,17.1,15.2,15.0,15.6,15.6,16.4,16.7,17.8,16.6,15.4,770.3,
25/05/2025,14.8,14.3,15.4,16.6,17.4,17.1,16.6,15.2,15.0,15.0,15.6,16.7,17.2,17.6,16.5,15.2,14.5,14.9,15.1,16.6,16.9,16.4,16.1,14.9,14.6,14.4,15.7,16.6,17.2,16.9,16.5,14.8,15.0,14.4,15.3,16.7,17.5,17.3,16.3,15.0,14.9,15.3,15.6,16.2,16.8,17.6,15.9,15.1,763.2,
26/05/2025,16.9,16.9,17.3,16.6,15.6,15.1,14.6,15.9,16.2,17.3,16.7,16.9,16.3,15.0,64.4,72.2,73.9,74.6,95.7,93.0,94.3,95.9,94.1,91.3,85.0,86.1,80.2,78.1,73.3,78.3,70.0,69.9,59.5,56.8,17.4,16.0,15.4,14.8,14.8,15.7,16.1,17.2,17.5,16.1,15.5,15.1,14.7,16.0,2036.2,
27/05/2025,15.9,16.9,17.2,16.8,15.6,15.4,14.5,15.0,16.6,17.1,17.2,16.9,16.3,15.3,64.0,71.7,73.5,82.2,92.6,91.4,97.8,100.1,92.1,90.7,91.6,79.7,85.4,83.9,77.1,70.4,68.8,75.5,57.3,58.3,17.3,16.4,15.8,14.5,14.7,15.6,15.6,16.5,17.1,16.5,15.8,15.0,14.6,15.3,2051.5,
28/05/2025,16.8,16.4,15.3,14.7,15.1,16.1,16.9,17.4,16.7,16.4,15.3,14.4,15.0,15.8,65.4,68.1,69.9,78.0,87.5,88.5,94.1,92.8,95.0,97.8,87.5,87.1,75.4,74.6,74.2,77.4,72.8,76.5,55.1,54.1,15.3,15.6,15.0,16.0,17.2,17.8,16.8,15.6,14.7,15.0,14.8,16.3,16.8,17.6,2018.6,
29/05/2025,17.8,17.5,16.8,15.2,14.6,15.3,15.3,17.1,16.9,17.1,16.4,15.0,14.9,14.9,62.1,68.4,71.6,77.0,93.3,96.0,86.7,90.7,97.5,89.7,89.1,84.4,84.7,75.9,77.5,70.8,76.9,79.1,58.1,59.7,16.0,15.3,14.1,14.4,16.0,15.9,17.1,17.0,16.0,15.1,14.9,14.9,15.0,16.9,2032.6,
30/05/2025,17.3,17.1,15.9,14.7,15.4,15.0,16.1,16.9,17.2,17.6,16.6,15.7,14.5,14.7,59.2,67.5,73.3,73.2,90.8,92.8,92.4,98.6,97.0,92.3,90.7,81.5,77.3,79.7,74.0,72.1,72.4,70.9,61.0,57.4,16.3,15.6,14.6,15.2,16.0,16.7,17.0,16.8,16.0,15.4,14.8,14.5,15.9,17.0,2020.6,
31/05/2025,15.4,15.2,15.0,15.4,16.2,17.5,17.2,17.2,15.7,13.9,14.5,15.6,16.5,17.4,17.6,17.2,32.7,34.3,31.9,35.0,34.0,34.8,34.7,37.3,15.5,14.7,14.2,15.5,16.9,16.7,17.6,16.2,15.5,14.9,14.9,15.8,16.2,17.2,17.2,16.8,15.3,14.8,14.8,14.8,16.4,17.1,17.0,16.6,914.8,
01/06/2025,16.9,16.5,14.9,14.4,15.2,16.6,16.9,17.3,16.6,15.7,15.3,14.9,15.2,16.0,17.3,17.0,17.1,16.1,14.8,14.6,14.8,16.2,17.0,17.0,16.7,15.8,15.2,14.8,15.3,16.5,17.0,17.7,16.5,15.8,15.2,14.7,15.6,15.7,17.2,17.9,16.6,15.7,15.6,14.8,14.9,15.8,17.1,17.7,770.1,
02/06/2025,14.9,14.9,14.6,16.0,16.3,17.4,17.0,16.6,14.9,15.2,15.1,15.3,16.0,18.0,66.5,68.8,71.3,74.9,92.0,98.8,92.2,97.2,91.6,95.2,86.6,87.9,81.6,80.1,77.9,74.7,73.4,74.6,57.7,57.3,14.8,15.1,16.1,17.3,16.8,17.0,15.0,15.4,14.5,15.8,16.9,17.0,17.8,16.7,2048.7,
03/06/2025,17.0,16.5,15.0,15.0,14.9,16.6,16.8,17.7,17.0,16.2,14.5,14.8,15.4,16.2,62.7,69.6,78.6,77.7,92.4,94.1,96.1,95.7,95.0,89.5,89.5,86.2,77.8,75.1,71.2,77.8,70.4,69.1,64.0,61.3,14.9,15.3,15.4,15.9,17.1,17.2,16.5,16.1,14.9,15.2,15.1,15.8,17.0,17.2,2041.0,
04/06/2025,16.8,17.5,16.9,16.8,15.9,15.0,15.2,15.4,16.9,17.3,17.6,16.6,15.7,14.4,62.4,68.8,75.3,76.6,95.6,97.5,99.5,96.7,92.3,96.2,90.1,86.1,78.2,80.3,76.3,68.8,75.0,70.9,57.8,60.2,16.7,16.7,15.6,14.5,14.5,16.1,16.7,17.1,17.3,16.3,15.6,14.9,14.4,15.2,2054.2,
05/06/2025,16.6,16.8,17.5,16.5,15.5,15.1,14.9,15.8,16.3,17.4,17.4,16.4,15.5,15.0,64.9,67.7,71.8,73.3,91.4,94.6,98.9,98.7,97.3,90.1,86.2,82.3,82.3,76.8,74.1,69.5,71.4,71.8,63.7,61.6,16.8,17.8,16.0,15.1,14.6,15.8,16.8,17.1,17.0,16.3,15.7,15.1,14.7,15.5,2039.4,
06/06/2025,15.1,15.3,15.7,16.5,17.5,16.5,16.3,15.2,14.7,15.0,16.0,17.3,17.8,17.1,69.3,67.0,66.8,75.5,94.3,98.9,96.1,99.6,99.9,92.4,87.3,86.6,77.9,78.1,81.7,70.5,72.9,70.1,62.2,57.7,15.3,16.3,16.7,17.3,16.6,15.3,14.9,15.1,15.9,16.5,17.4,17.3,15.9,15.9,2057.2,
07/06/2025,17.1,16.2,15.3,15.2,14.8,16.9,16.8,17.0,16.3,15.7,15.1,14.6,14.8,16.3,16.3,17.0,17.7,16.2,15.1,14.9,15.3,16.3,17.1,17.4,17.0,15.8,15.0,15.1,14.9,16.1,16.6,16.9,16.6,15.9,15.2,15.2,15.1,16.1,16.9,17.9,17.2,15.9,15.3,14.7,15.3,15.8,16.5,17.2,769.6,
08/06/2025,16.4,17.0,17.1,16.5,15.3,15.2,15.0,15.6,16.6,17.6,17.6,16.8,15.4,15.5,14.8,15.9,16.7,17.2,17.5,16.3,15.0,15.3,15.1,15.6,16.7,17.0,17.8,16.6,15.3,15.2,15.2,16.1,16.0,17.2,17.1,16.7,15.9,14.8,14.8,15.7,16.8,17.7,16.8,16.1,15.6,14.7,15.3,15.4,773.5,
09/06/2025,16.7,17.0,18.1,16.4,15.4,15.5,15.5,15.5,16.4,17.3,17.3,16.6,15.6,15.3,64.1,70.6,68.2,79.9,96.6,88.5,96.5,90.8,100.3,91.3,93.9,91.1,77.0,81.2,71.9,70.1,70.3,70.1,56.4,55.3,18.0,16.5,15.5,15.1,15.2,15.6,16.7,17.1,16.8,16.7,15.9,14.6,15.0,15.1,2036.5,
10/06/2025,17.4,17.3,16.8,15.4,14.6,14.9,16.2,16.4,17.8,16.4,15.9,15.6,15.0,14.9,66.7,70.1,74.6,69.8,89.1,92.3,94.9,96.3,92.4,90.1,91.1,85.5,82.8,73.9,71.2,72.6,74.2,75.3,59.6,58.1,15.5,15.3,15.0,14.6,15.9,16.3,17.8,17.2,17.1,15.5,15.4,15.4,16.0,16.3,2028.5,
11/06/2025,16.4,16.9,17.5,16.6,16.2,15.1,14.7,15.3,15.3,17.4,17.3,17.5,16.1,15.6,63.8,67.5,76.2,72.8,93.6,89.5,100.9,97.8,90.5,89.9,86.0,86.2,85.4,73.2,69.4,72.7,71.9,68.5,60.9,61.1,17.6,16.6,15.9,15.6,14.5,15.2,16.4,17.0,18.0,16.7,16.2,14.9,14.7,15.2,2030.2,
12/06/2025,17.3,16.0,15.5,14.9,15.1,15.9,16.4,17.4,17.2,16.0,15.2,15.2,15.2,16.2,65.9,72.6,70.3,74.3,91.2,94.9,98.8,96.7,97.6,98.0,91.8,89.5,79.8,71.1,77.8,79.1,72.3,75.8,60.3,58.0,14.3,14.5,14.8,16.2,17.5,17.5,16.6,16.1,15.3,14.8,14.9,16.0,17.3,17.5,2062.6,
13/06/2025,15.2,15.8,16.9,17.3,17.0,15.8,15.8,14.7,15.0,15.6,16.7,16.6,17.3,16.2,62.2,65.2,73.9,70.2,92.1,90.3,97.3,91.3,95.6,90.8,89.0,88.7,80.0,81.1,76.4,76.4,74.2,73.2,54.8,57.9,16.7,16.7,57.6,55.9,57.0,55.3,56.7,58.6,54.2,60.2,58.4,53.9,15.6,14.6,2437.9,
14/06/2025,17.5,15.4,15.3,15.2,15.3,16.4,16.7,18.0,17.4,15.8,14.6,14.5,15.1,15.5,17.1,17.6,36.6,34.7,36.2,32.3,32.9,35.1,35.7,37.4,17.7,15.7,15.5,14.7,15.0,16.4,17.4,17.7,16.8,16.3,15.2,15.4,15.4,16.5,16.6,18.0,17.5,15.8,15.6,14.6,15.3,16.0,16.5,17.3,927.2,
15/06/2025,15.0,16.3,16.5,17.2,16.8,16.5,15.4,15.1,14.9,16.0,17.3,17.3,17.0,16.3,15.5,14.9,14.7,15.8,16.6,18.4,17.2,15.7,15.2,14.5,15.8,16.2,16.8,17.8,17.5,16.0,15.0,14.5,15.0,16.0,16.8,17.6,17.2,16.2,15.6,14.3,15.1,15.6,17.1,17.7,16.9,15.6,15.9,15.3,773.6,
16/06/2025,16.7,16.8,17.6,17.0,16.1,15.5,15.5,15.4,16.4,17.6,17.4,16.9,16.0,15.7,70.6,69.7,71.2,73.4,89.1,91.2,98.1,90.6,96.0,90.9,86.4,89.3,82.4,79.8,73.9,72.5,68.7,73.8,59.5,64.4,17.4,17.4,16.3,15.0,14.6,15.3,16.1,17.0,17.9,17.4,16.6,14.6,14.5,15.2,2047.4,
17/06/2025,15.8,16.7,16.8,17.4,17.2,16.9,15.5,15.3,15.2,15.8,16.7,17.2,17.4,16.6,62.7,63.7,67.9,81.0,95.1,93.2,93.4,91.8,93.0,88.4,85.1,82.0,77.6,75.9,82.4,73.9,71.4,73.5,57.3,57.0,16.6,17.7,17.3,15.7,15.5,15.0,14.9,15.7,17.4,17.6,17.8,15.9,15.2,14.7,2023.8,
18/06/2025,16.7,15.8,15.2,14.4,15.0,16.0,17.4,17.4,17.2,16.0,14.9,14.8,15.5,16.5,68.3,71.6,74.3,73.1,89.9,88.8,95.2,97.9,92.1,94.0,87.1,84.7,82.0,75.0,73.6,73.2,74.3,71.7,61.2,56.2,15.0,14.6,15.5,15.7,17.0,17.3,17.1,16.5,15.4,15.1,15.1,16.2,16.6,17.6,2031.7,
19/06/2025,16.6,16.4,15.1,15.3,15.1,16.1,16.6,17.8,17.1,16.4,14.6,15.0,15.7,16.7,66.4,70.7,74.6,70.0,87.2,95.5,94.6,92.5,94.0,94.7,90.7,84.3,79.8,81.0,70.3,75.7,69.3,76.5,64.2,58.2,15.4,15.1,15.3,16.0,16.8,17.6,17.0,16.1,15.0,14.3,15.6,16.0,17.4,18.1,2040.4,
20/06/2025,16.6,14.9,14.3,15.2,17.1,17.2,17.6,16.9,15.7,15.3,15.4,16.3,16.6,16.7,69.3,74.7,66.3,69.2,92.6,97.2,93.4,102.8,96.1,89.9,84.6,80.2,81.7,72.2,79.1,78.9,77.2,76.0,59.4,59.7,14.6,16.0,16.8,16.8,17.1,17.0,16.3,14.9,14.6,15.4,16.4,18.0,17.5,16.7,2054.4,
21/06/2025,16.1,16.9,17.3,16.9,16.2,14.6,15.0,15.4,16.2,17.3,17.6,16.4,16.0,15.1,15.4,15.4,16.6,16.8,17.7,17.3,16.2,14.9,15.2,15.0,16.4,17.3,17.4,16.7,16.0,15.0,15.5,15.7,16.9,17.2,17.4,17.1,16.2,15.3,14.5,15.3,16.6,18.1,17.2,16.8,15.9,15.6,14.9,15.3,777.8,
22/06/2025,17.0,16.1,15.3,15.0,15.5,16.5,17.6,17.3,17.0,16.0,15.3,15.1,15.5,16.2,16.8,17.1,16.7,15.9,15.1,15.2,15.5,15.7,16.6,17.3,17.3,16.1,15.2,14.8,15.5,16.3,17.0,17.0,17.1,16.0,15.2,14.4,15.8,16.2,17.5,17.7,17.3,15.9,15.0,14.5,15.5,16.3,17.3,17.1,775.3,
23/06/2025,17.4,16.8,15.8,15.4,14.5,16.1,16.1,17.3,17.7,17.3,16.0,15.5,15.4,14.8,66.0,69.4,70.3,71.4,86.9,100.0,97.2,96.5,90.6,88.6,89.5,82.9,78.9,81.1,69.7,72.4,78.1,72.2,65.0,60.1,16.3,15.6,15.4,14.9,15.9,16.9,17.3,17.4,16.0,15.1,14.7,15.2,16.1,17.1,2036.8,
24/06/2025,16.9,15.5,15.4,14.7,15.4,16.2,16.8,17.6,17.1,16.4,15.3,15.5,15.0,16.9,70.5,68.5,71.7,75.0,93.1,93.7,93.9,93.8,90.7,95.0,91.9,86.2,84.3,75.8,77.1,69.9,77.4,74.7,59.2,54.8,15.2,15.1,15.7,16.2,16.5,17.3,16.5,15.5,15.1,14.8,15.2,15.7,17.3,18.0,2046.0,
25/06/2025,16.2,17.8,16.9,17.3,16.3,15.2,14.9,15.4,16.0,16.7,17.8,17.1,16.2,15.1,63.4,69.0,68.8,79.6,93.1,99.8,94.4,92.2,91.3,89.7,88.3,89.1,78.0,81.2,80.7,70.6,68.6,71.7,62.9,65.8,17.3,17.3,16.0,14.8,14.5,15.2,16.1,16.9,17.8,17.5,16.2,14.9,15.4,15.8,2052.8,
26/06/2025,16.6,17.6,17.1,16.3,16.2,15.2,15.0,15.8,16.7,17.6,17.8,17.2,15.4,15.0,66.1,69.8,71.3,75.2,88.2,94.9,90.8,91.4,97.1,92.6,92.0,84.7,82.7,80.1,73.1,70.5,71.6,73.0,59.0,56.8,17.5,16.1,15.8,14.8,14.5,15.4,16.9,16.9,17.8,16.3,15.6,15.0,14.7,15.4,2033.1,
27/06/2025,17.6,17.1,16.1,15.4,14.9,15.3,15.7,17.2,17.3,16.7,16.1,15.5,14.9,14.4,63.1,69.0,77.4,73.1,88.5,92.0,87.9,99.7,89.2,98.3,90.4,87.7,80.3,74.4,77.7,74.2,67.2,72.2,64.1,56.5,16.3,15.1,56.5,51.9,57.8,56.1,56.7,57.1,56.3,57.6,57.9,55.6,15.9,16.7,2434.6,
28/06/2025,15.8,15.5,15.1,15.5,16.3,16.7,17.5,16.8,15.3,14.8,14.5,15.3,16.6,16.8,17.4,16.6,32.3,34.6,33.9,33.5,34.0,35.5,36.7,34.1,15.5,14.5,14.8,15.2,16.6,17.2,17.4,17.0,16.3,14.9,14.6,15.6,16.2,16.6,17.0,17.5,16.0,15.0,14.7,15.9,16.5,16.6,16.6,16.4,915.7,
29/06/2025,16.8,16.7,16.9,17.0,16.4,14.4,14.6,15.6,16.4,17.2,16.6,16.4,15.6,14.5,15.1,15.3,16.4,18.0,16.8,17.2,15.1,14.9,15.0,16.0,16.2,17.7,17.8,17.0,15.1,15.1,15.1,15.6,17.3,17.4,17.2,16.7,15.8,15.1,15.2,15.6,16.1,17.7,17.2,16.6,15.7,14.9,15.1,15.7,773.8,
30/06/2025,16.9,17.9,17.6,16.8,16.0,14.9,14.8,15.9,16.6,17.1,17.2,16.8,15.3,15.2,63.7,67.6,68.6,78.9,94.0,93.3,95.7,97.3,93.7,91.2,89.7,82.6,83.1,74.5,77.2,72.8,70.4,66.5,59.5,63.0,17.5,15.9,15.3,15.1,14.5,15.8,16.1,17.9,17.3,16.6,15.3,14.7,14.3,15.7,2034.3,
01/07/2025,16.3,17.4,17.4,17.3,16.2,15.3,15.0,15.2,16.3,17.2,17.6,16.4,16.5,14.9,60.9,70.2,75.1,80.0,97.2,97.8,97.4,93.1,97.1,92.8,91.0,84.9,82.1,77.0,77.9,77.3,75.2,68.0,59.1,62.7,17.3,17.2,16.6,15.4,15.0,15.7,16.1,17.1,17.6,17.1,16.0,15.1,15.4,15.6,2073.0,
02/07/2025,15.3,15.3,15.7,16.7,17.5,17.2,17.2,15.3,15.0,14.8,15.4,16.8,17.7,17.5,64.5,64.4,65.1,70.9,93.8,92.9,100.2,93.4,94.8,94.9,91.9,87.2,77.1,78.4,71.8,76.2,74.3,71.3,56.3,52.8,15.9,16.8,17.6,17.2,16.4,15.4,14.7,15.2,16.0,16.1,17.3,17.7,16.5,15.8,2028.2,
03/07/2025,17.1,17.2,16.8,17.1,15.5,14.6,15.4,15.5,16.4,17.0,17.2,16.7,15.4,15.0,63.6,65.3,70.2,77.2,98.3,92.4,95.0,92.1,89.0,94.7,93.9,86.2,82.2,78.4,76.6,73.9,73.8,73.0,63.0,61.6,17.4,17.1,15.6,15.4,14.8,15.6,16.5,17.2,18.0,16.6,15.7,15.0,15.3,16.4,2053.9,
04/07/2025,16.7,17.0,17.9,17.0,16.0,15.6,14.9,15.5,15.5,17.6,17.1,16.8,15.9,15.3,60.1,65.8,74.6,76.8,97.9,91.7,98.7,93.6,93.9,90.6,88.1,85.3,86.2,78.8,74.1,67.9,72.9,72.9,62.9,57.9,17.6,16.8,15.9,15.2,15.0,15.6,16.5,17.4,17.3,17.4,15.8,15.0,14.9,15.5,2045.4,
05/07/2025,15.6,16.3,16.5,17.7,16.8,16.6,15.1,15.2,15.1,16.7,16.4,17.5,16.9,16.3,14.9,14.9,15.4,15.7,16.6,17.9,16.8,16.0,15.0,15.3,15.3,16.3,16.8,17.6,17.1,16.6,15.1,14.7,15.9,16.2,17.0,18.0,16.6,16.5,15.2,15.1,14.9,16.3,16.9,16.7,17.4,16.5,15.4,15.2,776.5,
06/07/2025,15.5,16.0,17.3,18.1,16.9,16.0,15.6,14.4,15.5,16.0,17.0,17.3,17.3,16.3,15.3,14.8,15.8,16.4,16.7,17.6,17.4,16.1,15.6,14.8,15.0,16.4,17.0,17.6,17.7,16.5,15.5,14.2,15.4,16.0,16.2,17.2,17.4,16.2,15.4,14.7,15.2,15.9,17.5,17.9,17.3,16.5,14.9,15.0,778.3,
07/07/2025,15.2,15.9,17.2,17.4,17.9,16.4,15.4,14.5,15.5,16.1,17.2,17.5,17.4,16.4,63.1,65.7,69.2,73.4,88.6,89.9,98.2,98.5,93.2,91.1,91.5,82.2,82.0,78.5,75.2,74.9,74.8,71.5,55.6,57.0,16.8,17.7,17.2,16.4,15.0,15.1,15.6,16.6,17.1,16.9,17.0,16.1,15.4,15.0,2032.0,
08/07/2025,16.7,17.8,17.0,16.7,15.1,15.1,14.7,15.8,17.5,17.7,18.0,16.2,15.7,15.1,62.5,68.7,72.2,78.2,97.9,92.2,94.0,98.2,90.1,86.1,86.1,84.8,82.2,77.2,70.7,72.0,71.4,73.3,61.0,63.6,17.7,16.6,15.5,14.7,15.0,15.5,17.2,18.0,17.7,16.9,15.6,15.1,14.8,16.4,2038.2,
09/07/2025,17.6,17.7,15.9,15.7,15.1,15.4,15.9,17.7,17.6,17.3,16.6,15.3,14.8,15.1,67.8,68.7,67.0,78.6,98.7,88.1,97.9,91.4,92.8,94.7,88.9,84.9,79.8,73.8,76.4,80.6,66.8,69.4,60.7,56.9,16.8,15.4,15.0,15.2,15.7,16.8,17.5,16.9,16.4,15.6,15.1,15.4,16.1,16.9,2036.4,
10/07/2025,14.7,15.6,15.3,17.0,17.6,17.7,17.4,15.8,15.1,15.2,16.1,16.5,17.9,17.2,65.6,67.8,68.7,74.7,90.7,92.8,96.7,101.0,93.8,82.9,87.7,85.8,82.7,77.7,74.1,70.5,75.8,73.8,55.9,62.8,16.1,17.1,17.1,17.1,16.7,15.4,15.3,15.2,15.8,17.3,17.4,17.2,16.2,15.3,2039.8,
11/07/2025,17.3,17.5,17.1,16.3,15.8,14.7,14.8,15.7,16.6,17.1,17.5,16.5,16.0,15.0,62.8,65.9,68.5,73.4,93.0,97.8,94.3,92.9,87.6,88.2,90.6,85.0,78.9,75.7,71.9,69.3,70.7,71.9,58.9,64.7,17.1,16.8,56.1,51.9,57.5,55.3,60.6,58.0,60.3,57.1,55.5,54.5,15.1,15.4,2421.1,
12/07/2025,17.5,16.2,15.4,14.6,15.4,16.5,16.8,17.0,16.7,16.1,16.0,14.3,15.0,16.0,16.4,17.8,35.4,35.1,33.9,32.7,32.7,33.8,38.3,35.6,17.1,16.4,15.0,14.7,15.2,16.7,17.4,17.6,17.3,16.0,15.2,15.3,16.0,16.4,16.8,17.6,16.3,16.5,15.3,14.7,15.5,15.9,16.8,17.7,924.6,
13/07/2025,15.5,14.9,15.6,16.6,17.3,17.3,16.8,15.6,14.8,14.8,16.0,16.9,17.9,17.3,16.4,16.0,15.1,15.5,16.2,17.0,17.5,17.3,17.0,16.0,14.9,15.5,15.6,16.5,17.6,17.2,16.7,15.7,15.2,14.9,15.4,16.7,18.3,17.8,17.1,15.2,15.2,15.0,15.9,16.2,18.3,17.0,16.9,15.8,781.9,
14/07/2025,17.1,17.8,17.5,16.3,16.0,15.3,15.0,15.8,16.8,17.1,17.2,16.8,16.2,14.8,64.9,67.5,77.1,78.3,96.5,102.7,93.3,98.5,86.8,88.7,84.3,85.4,79.8,79.6,75.6,71.8,72.8,71.5,53.6,66.5,17.2,16.4,16.1,14.3,15.1,15.6,16.9,17.0,17.2,16.6,15.9,15.3,15.5,15.7,2049.7,
15/07/2025,14.7,15.4,16.4,16.9,17.3,17.6,16.7,15.4,15.0,15.0,15.5,17.6,17.6,17.6,65.5,68.1,66.8,72.9,94.8,94.5,102.1,94.7,97.2,89.9,86.5,80.4,83.1,82.5,74.2,76.7,71.5,68.8,57.6,62.2,16.5,17.0,17.0,17.6,16.6,15.7,15.6,15.3,15.7,16.7,17.0,17.4,16.3,15.9,2049.0,
16/07/2025,16.7,17.9,16.8,16.5,15.9,15.1,14.8,15.4,17.0,17.0,17.6,16.7,15.7,14.8,68.9,70.5,67.4,79.1,96.1,93.6,92.6,94.0,90.0,96.0,87.1,85.9,80.3,80.6,74.7,70.6,68.5,72.3,60.5,63.1,17.3,16.2,15.9,15.2,15.4,15.6,16.4,16.9,17.4,16.6,15.9,15.1,15.3,16.1,2045.0,
17/07/2025,17.2,15.5,15.1,15.2,15.1,15.8,16.9,17.6,16.9,16.0,14.9,15.4,15.6,15.9,67.6,67.3,73.7,80.7,91.6,89.9,93.2,99.4,95.3,92.0,87.7,88.5,84.0,76.1,75.9,77.0,74.6,74.3,57.0,58.0,15.7,15.3,15.1,16.2,17.0,17.6,17.2,16.1,15.4,14.8,15.3,17.1,17.8,17.2,2054.7,
18/07/2025,16.4,15.8,15.6,14.7,15.3,16.2,17.4,17.4,16.9,15.8,15.2,14.9,15.4,16.4,64.9,71.1,72.0,77.7,90.2,95.6,96.5,98.3,95.3,92.1,89.3,86.8,78.5,75.1,80.7,78.7,74.7,72.8,56.7,60.7,15.7,14.9,15.8,15.8,17.8,17.9,17.0,16.1,15.2,15.3,15.3,15.5,17.2,17.9,2058.5,
19/07/2025,15.2,16.3,17.0,16.9,17.6,16.2,15.9,14.9,15.3,16.0,16.8,17.5,17.2,16.3,15.1,14.3,15.2,15.7,17.3,18.0,17.7,16.3,15.3,14.7,15.3,15.9,17.2,17.5,17.3,16.1,15.4,15.0,14.8,16.2,17.6,17.6,17.2,16.0,15.4,14.4,15.4,15.8,16.8,16.9,17.4,16.6,15.4,15.0,776.9,
20/07/2025,15.5,16.6,16.9,17.6,17.3,16.4,15.1,15.1,15.1,15.9,16.9,16.9,17.5,16.1,15.7,14.7,15.6,16.0,16.8,17.8,17.4,15.9,15.3,14.7,15.0,16.1,17.2,17.2,17.0,16.7,15.9,14.7,15.3,15.9,16.8,18.1,17.1,16.4,14.9,14.6,15.3,16.1,17.0,17.1,17.5,16.0,15.0,15.2,776.9,
21/07/2025,17.3,16.6,16.6,15.5,15.3,14.8,16.0,17.0,17.7,16.9,16.8,15.6,15.2,15.3,61.8,73.6,67.0,74.1,94.1,90.2,91.9,92.8,93.5,97.2,88.5,81.8,85.4,73.8,72.9,70.8,70.4,72.7,61.5,62.0,16.4,15.0,14.8,14.2,15.8,17.4,17.6,16.9,16.4,15.7,15.1,15.5,16.3,17.3,2027.0,
22/07/2025,16.1,17.1,16.9,16.9,16.4,15.6,14.8,15.8,16.6,17.3,17.8,17.1,16.5,15.3,60.0,67.4,69.7,78.4,91.0,92.0,94.2,98.0,93.5,87.1,84.2,79.7,77.2,80.8,76.4,73.5,75.5,67.5,55.7,57.2,17.0,17.4,16.3,15.5,14.9,15.4,16.2,17.0,17.6,16.8,16.4,15.1,15.2,15.2,2015.2,
23/07/2025,14.8,16.4,16.9,17.5,17.2,16.5,15.8,15.1,15.0,15.9,17.2,17.9,16.9,15.9,64.3,67.3,71.1,77.6,89.1,95.4,100.7,98.5,90.9,95.0,91.9,82.6,81.8,79.5,80.5,70.5,69.9,69.6,59.2,60.7,17.1,16.9,16.9,16.6,15.2,14.9,15.5,16.0,17.4,17.4,17.3,16.2,15.3,14.8,2052.6,
24/07/2025,17.4,17.1,16.6,15.3,15.1,15.0,16.0,16.6,17.6,17.0,16.2,15.9,14.8,15.3,62.7,70.3,73.0,74.5,93.6,97.2,92.7,95.4,94.7,91.8,95.4,84.4,82.4,78.2,72.7,76.7,76.6,75.4,64.9,62.3,16.6,15.6,14.4,14.7,16.0,17.3,16.9,17.4,16.4,15.7,15.1,15.1,15.9,16.6,2064.5,
25/07/2025,15.6,16.1,17.1,17.8,17.2,16.2,15.6,15.0,15.3,16.1,16.4,17.4,17.1,16.7,61.2,70.8,71.7,71.5,96.8,94.9,92.0,96.0,93.0,92.2,83.8,86.1,82.4,75.9,75.2,77.3,68.0,67.1,60.7,56.3,17.4,17.5,53.9,55.7,57.9,54.8,54.3,53.9,56.4,58.4,57.9,57.6,15.6,14.6,2428.4,
26/07/2025,15.2,14.8,14.3,14.9,16.6,17.1,17.6,16.8,15.7,15.4,15.2,14.7,16.6,17.0,17.5,17.5,35.5,32.5,32.0,32.2,33.1,35.1,34.6,35.5,16.1,15.2,14.3,15.2,16.4,16.9,17.4,17.5,15.5,15.3,14.3,15.2,16.1,17.5,17.7,16.2,15.5,14.6,14.6,15.1,16.5,16.8,17.5,16.2,911.0,
27/07/2025,17.0,17.6,17.8,17.1,15.3,14.8,14.8,15.6,16.4,17.3,17.5,16.0,15.2,14.8,15.5,15.1,16.8,17.3,17.7,16.2,15.8,15.5,15.0,15.4,15.9,17.0,17.8,16.8,16.1,15.0,15.2,16.1,16.4,17.5,17.8,16.4,15.8,15.2,14.1,15.3,16.7,17.9,17.2,17.1,16.1,14.8,15.3,15.5,776.5,
28/07/2025,14.7,14.7,16.4,16.8,17.4,17.4,16.4,15.9,14.5,14.3,16.1,16.5,17.3,17.4,68.5,68.5,72.4,73.0,90.2,95.3,101.1,102.1,93.5,89.9,88.8,88.1,78.9,75.4,71.7,76.4,73.5,72.3,55.2,59.0,15.4,16.7,17.7,17.2,16.8,15.6,15.3,15.0,15.8,16.9,17.6,17.8,16.9,15.1,2049.4,
29/07/2025,15.9,16.2,16.9,17.6,17.1,16.2,15.3,14.8,15.2,15.9,16.8,17.6,17.0,16.2,64.0,64.7,73.0,72.9,91.1,93.6,97.7,95.7,95.3,87.1,90.7,88.0,87.7,81.3,77.5,75.9,69.9,68.0,62.3,56.6,17.5,18.1,16.7,16.9,15.6,15.5,14.9,16.3,17.3,17.3,17.5,17.4,15.8,14.7,2053.2,
30/07/2025,16.5,17.3,17.3,17.2,15.5,15.4,15.2,15.3,15.9,17.3,17.8,16.9,16.2,15.5,66.1,68.0,74.9,74.8,95.8,98.4,95.2,95.2,95.6,89.6,94.3,83.9,82.9,81.0,78.8,71.3,74.8,71.9,63.8,63.1,16.9,17.0,15.9,15.0,14.4,15.6,16.6,16.9,18.0,16.5,16.3,15.6,14.9,15.4,2073.7,
31/07/2025,16.7,17.9,17.4,16.7,15.8,14.6,14.9,15.4,16.2,16.4,16.9,16.8,15.1,15.4,60.3,66.3,74.7,77.3,90.2,95.0,97.3,101.3,96.3,95.3,91.5,81.3,76.5,72.1,74.9,73.5,74.1,74.1,56.3,59.1,17.3,16.7,16.0,15.5,15.2,15.8,17.1,17.5,17.3,16.2,14.9,14.8,14.6,15.4,2037.9,
01/08/2025,17.2,17.2,16.9,15.9,14.7,15.5,15.5,16.9,17.3,17.0,16.0,15.6,14.4,15.3,67.9,66.6,71.8,75.0,89.9,87.3,95.1,102.0,87.4,88.9,89.0,87.2,81.8,74.3,76.0,74.4,74.9,72.4,55.3,60.8,16.1,15.8,15.2,14.8,16.3,16.5,17.0,17.6,16.2,15.7,15.3,15.2,16.3,17.5,2028.9,
02/08/2025,15.2,15.5,15.9,16.5,17.6,17.7,16.3,15.7,15.3,15.5,15.6,16.6,17.4,18.2,16.4,15.1,15.3,14.6,15.9,16.5,17.8,17.2,16.9,15.4,15.2,15.2,15.7,17.3,17.6,17.2,16.6,15.1,15.1,14.9,16.1,16.6,17.6,17.3,16.8,15.5,14.9,14.8,15.4,16.4,18.0,17.7,16.7,15.5,779.3,
03/08/2025,15.1,15.7,17.5,17.5,16.3,16.2,15.7,14.8,15.4,16.1,16.5,17.5,17.3,16.1,15.5,15.3,15.5,16.4,16.5,17.4,17.3,16.2,15.0,14.9,15.5,16.2,16.9,17.0,17.2,16.4,15.5,14.7,15.1,16.3,16.7,17.5,17.1,16.4,15.3,14.6,15.6,15.6,16.3,17.6,16.9,16.3,14.8,15.1,774.3,
04/08/2025,17.9,16.4,15.2,15.5,15.1,15.8,17.8,18.0,17.1,16.0,15.0,15.1,14.7,15.7,62.1,65.3,75.8,75.1,89.0,94.1,94.4,95.5,98.6,87.7,88.0,84.7,78.3,74.3,73.8,76.9,73.6,73.6,64.0,59.5,15.1,14.8,15.8,16.8,17.9,17.0,17.2,15.8,15.1,15.0,15.7,15.7,17.7,17.6,2036.8,
05/08/2025,17.3,17.4,16.3,15.3,15.0,15.1,16.4,16.4,17.7,16.7,16.5,15.3,15.2,15.1,61.9,71.4,71.6,80.4,90.3,99.4,90.9,98.8,89.5,92.8,92.4,80.8,77.4,74.2,74.1,76.5,75.7,76.9,62.4,57.9,16.8,15.9,15.2,15.1,16.2,17.1,17.6,17.2,16.4,15.7,15.2,15.5,15.9,16.9,2047.7,
06/08/2025,17.6,17.6,16.3,15.4,14.4,15.2,16.2,16.7,17.2,17.7,16.1,15.8,14.6,15.1,69.1,69.6,73.6,74.2,92.2,91.9,95.9,93.7,96.6,91.1,91.2,82.8,88.6,74.8,69.9,72.8,77.1,72.0,61.8,59.7,16.4,15.8,14.9,15.3,15.7,16.5,17.4,17.7,16.6,15.3,14.7,15.0,15.6,17.1,2048.5,
07/08/2025,16.0,16.7,17.6,16.8,16.1,14.9,15.2,15.2,16.3,17.4,17.7,16.4,15.6,14.8,59.3,71.3,71.9,74.1,89.5,99.1,95.1,94.9,95.2,93.5,91.7,88.9,86.6,79.4,78.9,68.8,74.3,73.8,63.9,58.9,17.1,16.8,16.1,15.6,14.8,15.1,16.1,17.1,17.2,16.7,16.6,15.4,14.9,14.3,2059.6,
08/08/2025,15.0,14.8,15.7,17.0,17.8,17.1,16.8,15.0,14.8,14.9,16.3,17.0,17.5,17.5,69.7,62.4,65.8,75.2,91.8,93.8,95.2,92.1,95.8,90.6,87.3,82.1,84.5,76.0,74.1,77.2,73.0,73.1,52.8,53.3,16.0,17.0,55.8,59.0,56.0,56.0,56.9,55.3,58.3,56.7,54.9,56.7,17.0,15.2,2423.8,
09/08/2025,15.0,14.9,15.8,16.5,17.6,17.5,16.7,15.1,14.8,14.9,15.7,16.8,16.9,16.5,16.7,15.8,32.8,33.3,34.9,36.0,34.5,35.6,33.7,32.2,14.8,14.7,15.9,16.7,17.5,17.3,16.5,15.9,14.8,15.2,15.6,16.9,17.6,17.2,17.3,15.7,15.3,14.7,16.7,16.9,17.7,17.1,16.4,15.7,920.3,
2025-08-10,17.5,17.6,16.8,15.6,15.3,15.3,16.2,16.8,17.5,17.1,16.4,15.6,14.8,15.5,16.2,16.7,17.4,17.9,16.6,15.0,14.7,14.9,15.9,16.6,17.4,17.4,15.8,15.0,14.6,15.3,16.3,16.6,16.9,17.7,16.3,15.5,14.5,15.3,16.2,16.9,17.2,17.3,16.4,15.8,15.3,15.4,15.9,17.2,778.1,
2025-08-11,16.1,15.3,15.0,14.9,16.4,17.2,18.1,16.9,15.9,14.7,15.1,15.7,16.5,17.1,62.3,69.0,73.3,70.4,85.8,90.4,96.2,97.2,92.3,89.3,85.3,82.4,76.9,77.1,79.4,72.6,72.8,71.8,58.2,55.0,15.1,15.5,16.1,16.6,17.5,17.1,16.1,14.4,14.7,15.6,16.2,17.4,17.5,16.7,2009.1,
2025-08-12,17.0,17.0,16.6,15.0,14.8,15.1,16.2,16.8,17.1,17.3,16.2,15.8,14.9,14.5,59.9,65.0,73.3,77.7,92.9,95.2,98.5,91.0,90.3,95.1,94.2,86.1,82.6,82.5,75.9,77.9,72.9,72.6,62.3,59.2,16.3,15.7,14.8,15.2,16.0,17.1,17.8,17.3,16.3,15.6,15.0,15.3,16.1,17.4,2055.3,
2025-08-13,15.6,15.9,16.6,17.2,18.1,15.7,15.3,14.9,15.0,15.3,17.1,17.7,17.6,16.2,59.3,70.0,71.5,72.5,89.6,97.7,101.7,102.2,97.6,90.6,87.0,86.3,83.0,76.3,82.8,73.6,76.1,70.0,62.5,59.5,17.2,17.2,17.5,16.7,14.7,15.0,14.9,16.3,17.3,17.2,16.8,16.4,15.3,14.9,2065.4,
2025-08-14,16.1,15.5,14.9,15.6,16.1,17.3,17.9,17.1,16.0,14.8,15.2,15.7,16.8,17.5,64.7,72.9,72.8,72.0,95.4,95.3,97.9,95.0,93.7,94.5,86.7,79.9,81.7,79.2,72.5,79.5,73.6,70.6,60.0,57.8,14.8,15.3,16.0,16.7,17.9,16.5,15.7,15.4,14.7,15.6,16.4,17.7,17.7,16.8,2049.4,
2025-08-15,16.2,17.2,17.8,17.0,16.1,15.2,15.1,15.3,16.3,16.5,17.0,17.2,16.3,15.4,64.8,66.9,70.3,79.7,90.0,101.4,95.4,95.2,95.6,89.2,88.3,85.7,81.1,78.9,81.0,68.0,68.5,66.9,63.9,60.5,17.7,17.1,16.0,15.1,15.2,15.9,16.2,17.4,17.5,17.1,16.2,15.3,15.0,15.4,2047.0,
2025-08-16,17.0,16.1,14.9,14.7,15.7,16.4,16.3,17.5,17.0,15.5,15.3,15.0,14.8,16.0,16.8,17.1,17.5,15.9,15.4,14.6,15.1,16.1,17.3,17.5,15.9,16.0,15.3,14.3,14.8,15.7,16.5,16.8,16.5,15.9,14.6,14.7,15.3,17.0,16.7,17.7,16.3,16.3,15.0,15.0,15.4,16.1,16.9,17.6,767.8,
2025-08-17,17.2,17.6,16.7,15.7,14.8,14.6,16.3,17.0,17.0,17.2,16.2,15.1,14.8,14.8,16.0,16.9,17.3,17.1,16.5,15.1,14.9,14.5,16.0,17.1,16.9,17.5,16.6,15.6,14.8,15.4,16.2,17.0,17.8,17.3,16.2,15.2,15.1,15.3,15.7,16.7,17.3,17.5,15.9,15.8,15.0,14.6,15.6,16.7,774.1,
2025-08-18,15.0,16.0,17.0,17.1,17.7,16.3,15.2,15.1,14.8,16.4,16.5,18.0,16.6,16.0,62.6,70.2,74.1,78.5,92.6,94.1,100.6,99.5,88.7,92.3,87.5,86.5,79.3,78.3,80.6,75.4,71.9,73.0,58.5,56.4,16.9,17.2,16.5,16.9,14.5,14.8,14.8,15.9,16.8,17.5,17.2,15.3,15.6,14.9,2053.1,
2025-08-19,16.6,16.0,14.9,13.9,15.7,16.6,17.3,17.8,17.3,15.9,15.2,14.8,15.3,15.8,69.2,67.5,77.4,80.1,85.9,95.0,95.1,98.4,94.4,92.8,91.6,81.3,79.7,77.7,73.4,72.6,76.0,74.4,58.9,61.0,15.1,15.0,15.4,16.8,17.7,17.9,17.3,16.5,14.7,15.0,14.9,15.8,17.6,17.3,2052.5,
2025-08-20,14.5,14.6,16.0,16.9,17.4,16.7,16.5,15.8,14.6,14.6,15.6,16.7,17.6,16.9,65.0,68.0,72.1,76.8,91.1,92.2,95.4,97.5,97.5,94.0,83.2,85.1,86.7,81.5,78.8,74.7,71.0,74.8,60.1,56.2,16.4,16.3,17.3,17.6,16.6,15.3,14.6,14.9,16.1,16.9,17.4,17.8,16.4,15.5,2055.2,
2025-08-21,15.6,14.5,15.0,15.0,16.4,17.7,17.6,17.0,15.3,15.0,15.2,15.1,16.5,16.8,64.6,65.4,74.5,78.0,88.1,93.1,93.4,96.3,94.4,94.7,88.8,82.3,84.0,75.9,73.2,73.5,79.9,72.3,58.9,55.7,15.2,15.4,16.3,17.2,16.6,16.4,15.9,15.1,14.9,15.4,16.5,17.9,17.9,16.8,2037.2,
2025-08-22,14.6,15.2,16.2,17.1,16.8,17.2,16.3,15.2,15.0,14.6,15.6,16.7,17.5,17.4,65.0,69.9,65.6,74.6,94.3,92.5,94.1,101.5,96.5,95.5,89.2,77.1,78.0,80.7,76.4,78.7,78.5,70.3,56.0,57.3,16.1,16.6,57.1,58.1,58.4,53.9,57.4,53.8,56.7,57.1,57.7,56.0,16.4,15.5,2447.9,
2025-08-23,15.8,14.5,14.5,15.6,16.3,17.4,16.9,16.6,15.6,14.9,14.4,15.1,16.0,17.1,16.9,16.6,35.3,34.6,33.8,32.3,35.2,37.0,36.1,35.4,16.3,15.5,15.3,15.9,16.4,16.9,17.6,16.3,15.2,14.7,14.9,15.5,16.8,17.1,18.1,16.8,16.0,14.8,14.9,15.5,16.1,17.3,17.0,17.5,922.3,
2025-08-24,15.9,17.2,17.2,16.4,16.1,15.3,14.4,15.0,16.6,17.4,17.6,16.5,15.9,15.5,14.2,14.9,16.0,17.1,17.9,17.5,15.7,15.4,14.3,15.5,16.7,16.6,17.3,17.4,15.9,15.2,14.9,15.0,16.1,17.4,17.5,16.6,16.0,14.9,14.9,15.1,16.4,16.8,17.6,16.4,16.4,15.1,15.1,15.4,772.2,
2025-08-25,15.4,14.6,15.0,17.1,17.0,17.3,16.9,15.9,14.7,15.0,15.9,17.0,17.0,17.7,68.5,67.9,74.6,75.1,93.0,95.3,100.2,97.5,93.1,89.9,86.0,76.2,83.2,80.7,81.9,73.2,73.0,74.7,56.4,52.3,15.5,16.5,17.4,17.2,16.2,15.6,15.6,15.0,15.6,17.2,17.4,17.2,15.9,15.5,2047.0,
2025-08-26,16.3,17.1,17.1,17.1,15.8,15.2,14.5,15.7,16.0,16.9,17.1,16.6,15.5,15.6,64.4,72.7,73.8,76.5,95.5,97.3,98.5,91.7,89.7,88.0,84.6,89.6,84.0,76.7,78.1,72.5,70.7,72.4,55.1,60.6,18.4,16.5,16.1,14.5,14.5,15.6,16.8,17.2,17.3,17.3,15.7,14.5,15.1,15.3,2043.7,
2025-08-27,15.1,16.0,16.7,17.6,16.8,16.3,15.5,14.9,14.9,15.7,16.6,17.6,17.1,16.4,65.6,64.8,74.3,78.2,93.0,96.4,94.4,98.7,101.8,89.3,84.6,89.6,77.7,74.3,77.3,77.1,75.0,67.5,54.5,58.4,16.6,17.9,16.4,15.9,15.4,14.9,14.6,16.2,17.0,17.2,17.2,16.3,15.2,14.6,2045.1,
2025-08-28,17.2,16.6,16.9,16.1,15.5,15.3,14.8,15.5,16.4,18.1,16.6,16.6,15.4,14.3,61.0,68.4,72.8,74.9,95.0,94.1,95.3,93.3,88.4,85.0,90.7,83.6,81.1,72.3,72.9,73.7,74.2,76.3,61.8,59.4,16.9,16.8,15.7,15.1,15.0,15.6,16.9,17.1,16.8,16.3,15.3,15.1,15.4,15.3,2022.8,
2025-08-29,17.3,16.1,15.0,14.4,15.6,16.2,17.0,17.7,16.8,16.5,15.0,14.0,15.0,15.7,61.6,66.8,72.1,74.6,94.4,92.2,96.4,92.9,94.2,94.2,84.7,80.5,79.6,72.9,75.7,72.8,75.8,76.4,58.7,53.8,15.1,14.4,15.5,15.9,17.0,17.5,17.0,15.9,14.9,14.9,15.6,16.6,16.9,17.8,2017.6,
30/08/2025,15.7,15.7,16.3,17.4,17.5,16.2,15.6,14.7,15.4,15.4,17.2,17.5,16.7,16.0,15.3,14.9,15.3,15.8,16.5,16.7,17.2,15.5,15.4,15.0,14.9,15.9,16.5,17.4,17.5,16.2,15.6,14.8,15.3,16.1,17.1,17.8,16.8,16.1,14.5,15.1,15.5,16.2,16.8,17.1,16.6,16.7,15.3,14.4,771.1,
31/08/2025,15.2,14.6,15.5,16.2,16.7,17.4,16.2,15.5,14.6,15.2,16.0,16.8,17.0,17.7,16.3,15.1,14.8,14.8,15.5,16.6,18.2,17.5,16.3,15.6,14.3,14.8,15.5,16.5,16.9,17.1,16.8,15.3,14.3,14.6,15.7,16.3,17.5,17.1,16.6,15.5,14.6,14.9,15.6,16.4,17.6,17.3,16.1,15.2,767.8,
01/09/2025,16.1,16.7,17.3,17.0,15.7,15.0,14.8,15.9,16.5,17.4,17.6,16.9,15.4,14.8,64.5,68.2,70.6,77.8,90.0,91.5,98.4,90.5,91.2,88.2,91.7,84.4,84.6,77.4,71.2,74.9,72.5,71.2,60.9,63.4,17.5,16.7,15.6,14.9,15.0,15.6,16.2,17.0,17.6,16.2,15.5,14.5,14.6,15.8,2002.5,
02/09/2025,17.4,16.9,16.2,14.9,15.1,15.3,15.7,17.4,17.2,16.4,16.5,15.4,15.0,15.3,67.6,69.5,71.8,77.0,96.8,89.9,98.1,95.2,99.5,92.5,87.7,88.8,78.0,75.0,77.1,68.3,69.9,73.8,58.6,57.3,16.7,15.8,15.0,15.1,15.9,16.9,17.1,17.1,16.4,15.0,14.5,14.6,15.8,16.9,2007.2,
03/09/2025,15.4,14.4,14.3,14.8,15.9,17.0,18.1,16.6,15.3,14.6,14.9,15.3,16.3,17.4,70.6,71.3,70.0,73.6,92.6,96.0,100.7,95.0,96.0,91.2,90.7,78.7,83.3,74.8,74.3,73.0,77.2,69.7,55.8,61.2,14.9,15.1,16.4,16.4,16.7,16.0,15.5,15.1,14.6,15.6,16.5,16.8,17.6,16.5,2005.6,
04/09/2025,14.2,15.8,17.0,17.3,16.9,16.3,15.0,15.0,14.4,15.7,16.1,16.9,17.7,15.8,63.8,69.7,70.1,79.2,92.2,97.3,89.6,94.5,91.3,83.3,87.4,87.5,83.8,75.3,82.2,71.2,69.4,69.0,58.8,58.3,17.3,17.1,17.4,16.2,15.1,14.6,15.5,15.6,16.9,17.2,17.2,16.3,15.1,14.7,1994.4,
05/09/2025,15.0,14.8,15.8,16.8,17.5,17.1,16.7,15.2,15.2,14.6,15.6,17.2,16.9,16.7,60.2,65.0,71.9,74.3,96.0,90.2,94.1,96.9,94.1,89.7,89.8,84.8,83.1,78.9,74.2,75.3,74.5,68.5,60.8,56.6,15.4,17.0,17.3,17.1,16.7,15.5,15.2,14.8,16.1,17.1,17.2,16.7,16.3,15.3,2000.1,
06/09/2025,17.2,17.1,17.2,16.7,15.3,14.6,15.1,15.9,16.7,17.6,17.0,16.3,15.4,14.2,14.9,15.2,36.3,36.7,36.2,34.5,34.5,33.2,31.5,32.4,16.2,17.4,16.9,15.8,15.8,14.4,14.9,15.7,16.1,17.3,17.5,16.4,15.6,14.9,14.9,15.5,16.6,17.6,17.2,16.3,15.3,14.8,15.0,15.3,884.8,
07/09/2025,16.8,17.4,17.2,16.6,15.0,14.2,15.0,15.5,16.9,17.0,17.0,16.3,16.0,15.1,14.5,15.0,16.0,17.3,17.1,17.1,15.6,14.5,14.6,16.0,16.6,17.3,17.4,16.4,15.4,14.7,15.4,15.3,16.0,17.1,17.1,16.2,15.8,14.8,15.4,15.5,16.0,16.9,16.9,16.0,15.6,14.7,15.1,15.4,736.2,
08/09/2025,16.4,16.3,14.3,14.1,15.2,16.5,17.1,17.1,17.3,15.6,14.5,14.8,15.5,16.2,66.0,71.4,69.6,75.7,96.5,93.2,96.2,93.8,93.7,95.4,90.6,87.1,81.0,79.7,70.0,77.8,76.1,71.3,62.9,62.7,14.9,15.0,15.8,16.1,17.3,17.5,16.6,15.8,14.9,15.0,15.0,16.2,16.9,17.2,2021.7,
09/09/2025,16.6,17.3,16.9,16.5,15.9,14.8,14.7,15.4,16.4,17.0,16.8,17.2,15.0,14.6,64.6,67.5,71.8,78.0,91.5,96.5,89.4,89.8,94.1,94.3,92.2,84.7,80.3,84.1,77.0,71.1,70.2,73.9,59.1,64.0,17.2,16.0,15.5,14.9,14.9,15.5,17.0,17.4,17.2,16.1,14.8,15.4,14.5,15.3,2011.1,
10/09/2025,15.3,15.6,16.7,17.2,16.5,16.3,15.0,14.9,14.8,15.5,16.4,17.5,16.3,15.7,69.5,67.3,69.4,77.8,87.2,98.1,99.6,100.4,90.4,86.7,82.3,79.4,83.2,81.5,76.8,71.6,69.7,69.3,58.5,59.2,17.1,16.9,16.5,15.9,15.0,15.0,15.2,15.7,16.5,17.3,16.8,16.3,15.7,14.3,1995.8,
11/09/2025,15.0,15.5,16.7,17.3,17.3,15.8,14.6,15.1,14.5,15.5,16.7,17.7,17.1,15.9,64.3,72.8,66.8,76.2,93.1,94.6,94.4,98.0,96.2,90.4,88.1,81.1,81.6,79.6,73.0,72.8,66.6,73.3,54.1,56.0,16.3,17.3,17.0,15.9,15.2,14.8,14.9,16.1,16.5,17.9,17.2,16.4,14.6,14.5,1993.2,
12/09/2025,15.3,16.2,16.6,17.3,17.3,16.4,14.6,14.8,15.2,15.5,16.5,17.0,16.5,15.8,68.7,66.0,75.0,77.9,89.4,94.8,94.7,94.2,91.1,91.3,84.9,84.6,79.2,77.7,71.9,71.0,67.7,71.1,59.8,59.9,16.8,17.1,60.0,57.0,56.3,55.6,58.4,55.3,55.1,55.2,56.7,57.7,15.3,14.8,2397.1,
13/09/2025,15.1,15.2,16.9,17.1,17.1,15.6,15.1,15.0,15.2,16.3,16.6,16.6,16.9,15.8,15.8,15.4,14.8,15.6,16.8,17.3,16.0,16.6,15.3,15.3,15.0,16.0,16.7,17.5,17.4,16.3,15.0,14.4,14.3,16.0,17.4,17.2,17.1,16.3,14.7,14.4,14.7,16.4,17.0,17.3,16.8,16.1,15.3,14.6,737.4,
14/09/2025,15.0,16.2,16.8,16.5,16.9,16.1,15.0,15.3,15.0,15.7,16.3,17.1,17.5,15.9,15.3,14.2,15.0,15.8,16.5,17.2,17.2,16.5,15.0,15.3,15.5,16.0,16.6,16.4,16.8,16.7,14.6,14.8,15.5,16.2,16.4,16.7,16.8,16.3,15.5,15.0,14.5,15.4,16.8,17.1,16.6,16.4,14.5,14.5,735.9,
15/09/2025,15.2,16.2,16.5,16.9,17.0,15.9,15.3,15.0,15.1,15.4,16.6,16.8,16.9,15.8,60.3,70.4,69.5,76.3,89.2,93.0,88.3,91.2,97.4,92.4,92.7,89.1,79.9,76.2,78.8,71.1,68.8,67.5,55.2,60.5,16.8,17.2,17.2,16.7,15.6,14.5,14.9,16.2,16.7,17.2,17.0,15.9,15.3,14.8,1988.3,
16/09/2025,16.2,16.6,17.0,17.0,14.8,15.2,15.2,15.1,16.8,17.0,17.4,17.2,15.3,15.1,68.7,68.0,71.1,74.1,90.5,98.9,92.5,95.4,97.1,93.5,90.9,85.4,81.5,75.9,73.9,75.1,74.3,69.5,59.4,55.7,17.1,16.2,15.2,14.4,14.9,15.3,16.3,17.2,17.8,16.0,15.4,14.5,14.9,15.6,2007.6,
17/09/2025,16.4,16.5,16.7,16.6,14.9,14.8,14.9,15.7,16.6,16.5,16.6,15.7,15.7,14.8,62.5,70.4,73.4,74.0,93.9,92.3,97.3,89.5,98.8,89.4,91.4,82.1,85.0,76.7,75.8,75.8,72.0,68.2,57.5,58.1,17.0,16.5,15.4,14.7,14.8,15.2,17.0,16.7,16.5,16.4,14.8,14.8,14.2,15.3,1996.3,
18/09/2025,15.3,15.6,16.5,17.8,16.8,15.5,15.3,14.9,15.1,15.9,16.8,17.5,16.8,15.7,62.1,65.7,66.8,77.6,96.9,101.0,96.4,97.1,91.4,91.3,82.6,79.4,83.7,80.9,72.6,76.5,73.1,68.1,56.4,60.5,16.4,17.1,16.3,16.4,15.5,14.7,14.8,15.9,16.7,17.5,16.9,16.5,15.4,14.5,2000.3,
19/09/2025,15.1,16.0,16.7,16.9,16.9,15.5,15.4,14.8,14.6,15.7,16.9,16.6,17.4,15.7,59.3,68.9,72.4,76.9,90.6,95.5,94.0,96.4,96.7,84.6,86.6,90.0,79.2,79.9,78.8,75.5,66.8,73.8,57.3,62.1,17.0,17.2,16.7,15.5,15.1,14.6,15.2,15.6,16.3,17.4,16.4,16.2,14.8,14.9,2002.7,
20/09/2025,15.5,15.8,16.5,17.0,16.7,15.8,15.1,14.2,14.6,15.8,16.3,17.3,16.7,16.0,15.4,14.6,33.9,33.0,36.1,38.1,36.7,34.6,34.4,32.5,15.2,15.4,16.9,17.3,16.9,16.4,14.6,14.3,15.0,16.0,16.2,16.8,16.8,16.0,14.8,14.7,15.3,16.2,16.9,17.1,16.3,16.1,14.7,14.8,883.8,
21/09/2025,17.2,16.9,15.7,15.3,14.3,14.9,15.2,16.4,16.9,17.3,16.1,15.4,14.4,14.6,15.5,16.6,16.4,16.8,16.3,14.6,14.9,15.1,15.5,16.9,17.4,16.8,15.7,15.4,14.7,14.7,15.2,16.9,16.8,16.8,15.8,15.6,14.8,15.2,15.9,15.9,17.0,17.0,16.6,14.4,14.7,15.0,15.3,16.6,727.5,
22/09/2025,15.9,17.2,17.7,16.8,15.9,15.2,14.6,15.4,16.0,16.8,17.4,16.3,15.9,15.3,58.3,67.8,68.3,78.0,95.9,99.9,96.2,101.0,97.5,92.4,89.9,84.1,82.7,73.2,77.9,73.9,73.8,72.6,62.9,60.0,16.7,16.6,15.7,14.8,14.9,15.3,15.6,17.0,17.2,16.6,15.7,14.6,14.7,15.0,2023.4,
23/09/2025,15.0,16.4,16.3,17.9,17.1,16.3,15.4,14.7,14.5,15.0,15.9,16.8,16.9,15.7,63.3,69.2,69.2,73.6,91.2,94.6,101.3,96.8,89.3,87.7,81.3,83.1,81.1,78.2,76.6,76.8,69.4,73.2,61.1,57.9,16.9,17.6,16.9,15.9,15.0,14.3,14.5,15.1,16.7,17.0,16.7,15.6,15.4,14.4,1991.0,
24/09/2025,16.0,16.7,17.3,16.8,15.0,14.6,14.7,15.6,16.1,17.4,16.8,16.2,15.1,14.6,64.1,67.8,72.6,75.3,90.7,91.7,99.6,91.7,91.8,95.0,88.8,85.5,81.8,72.4,75.6,71.0,72.7,69.1,62.7,60.6,16.7,16.2,15.5,14.8,15.1,15.6,16.2,16.7,16.5,15.7,15.7,14.6,15.0,15.4,1992.7,
25/09/2025,16.1,16.9,17.1,16.2,15.4,14.4,14.6,15.3,16.4,16.6,16.9,16.4,15.5,15.0,61.5,72.8,71.2,76.9,88.5,93.6,94.0,98.1,93.1,88.8,90.2,83.4,77.7,79.8,76.6,74.9,68.5,72.2,61.8,61.0,16.5,16.3,15.1,14.6,15.1,15.1,16.5,17.4,16.6,16.2,14.7,14.6,14.8,15.6,1996.1,
26/09/2025,15.4,15.4,14.7,14.9,16.1,16.1,16.7,16.0,15.2,14.6,14.1,14.9,16.4,16.2,64.5,67.6,74.7,68.0,85.2,96.2,99.8,97.1,97.1,95.3,90.1,79.3,76.8,79.9,79.9,74.3,68.2,72.5,57.1,59.2,14.5,15.0,56.1,52.8,55.0,59.7,55.3,57.6,58.5,56.2,58.8,57.3,17.2,16.1,2396.3,
27/09/2025,14.4,14.6,15.8,16.9,17.4,16.7,16.3,15.8,15.1,15.0,15.3,16.7,17.0,16.3,15.6,15.4,14.7,14.3,15.6,16.8,17.5,17.0,16.3,15.4,14.6,14.7,15.8,16.2,17.5,16.1,16.0,15.7,14.6,14.8,15.4,16.2,17.3,17.0,16.4,14.8,14.9,14.3,15.7,16.4,17.2,16.7,16.1,15.0,730.2,
28/09/2025,16.2,16.9,16.8,16.0,15.3,14.8,14.0,15.4,16.3,17.0,16.5,16.5,15.5,14.7,14.6,15.4,15.8,16.3,16.1,16.3,16.2,14.7,14.3,15.1,16.2,16.6,17.0,17.0,16.0,14.4,14.6,15.4,16.0,17.0,17.1,16.4,15.6,15.1,14.5,14.9,16.2,17.0,17.0,16.9,15.1,15.0,14.3,14.9,727.7,
29/09/2025,16.3,16.6,17.6,16.3,15.2,15.0,14.5,15.5,16.7,17.1,16.8,16.3,16.2,15.3,65.2,64.6,73.6,72.6,95.2,90.1,95.5,98.0,90.2,91.7,90.9,86.2,81.1,79.1,76.3,69.7,73.3,69.6,63.3,59.4,16.9,16.2,15.5,15.0,14.7,15.1,16.0,16.7,16.9,16.5,15.4,14.6,14.5,14.7,2000.5,
30/09/2025,15.5,14.3,14.7,15.0,15.7,16.8,17.0,16.3,16.0,14.6,15.4,14.9,16.2,16.3,69.9,68.5,67.2,75.2,92.3,94.7,95.3,89.6,90.5,93.3,92.5,85.3,83.3,76.7,80.9,69.2,71.2,70.3,54.6,56.4,15.0,14.7,15.7,16.5,16.7,16.7,16.0,14.7,14.7,15.2,15.9,16.3,17.1,16.2,1983.7,
01/10/2025,14.7,14.1,13.7,15.0,15.7,15.7,16.6,15.8,14.8,14.1,14.0,14.5,15.4,15.7,63.3,66.6,75.5,74.0,87.6,93.5,94.6,95.3,96.8,89.6,84.0,79.6,75.7,74.9,75.4,76.5,70.8,67.5,58.7,59.2,13.9,14.7,15.2,16.0,16.6,15.6,15.2,14.2,14.0,14.5,15.6,16.2,15.9,16.2,1982.7,
02/10/2025,14.2,14.1,14.4,15.7,16.6,16.4,15.8,14.7,14.2,14.3,14.5,15.6,16.6,16.2,66.9,63.1,66.6,75.9,92.4,94.5,94.6,102.8,95.0,88.2,85.6,84.1,78.6,71.6,72.5,72.3,67.7,66.4,60.6,56.8,14.6,16.2,16.3,15.8,15.7,15.0,14.1,14.3,14.6,15.4,16.8,16.5,15.4,14.7,1984.9,
03/10/2025,13.8,15.1,15.8,16.2,16.2,15.2,14.9,13.9,14.0,15.3,15.9,16.3,16.3,15.5,61.9,69.1,67.3,72.1,92.9,97.3,93.1,98.4,96.1,88.5,92.1,80.4,82.8,77.8,80.7,69.2,66.5,69.4,57.8,59.9,15.9,15.5,16.1,14.5,14.6,14.4,14.3,14.9,15.9,16.5,16.0,15.6,14.2,14.0,2000.1,
04/10/2025,15.3,15.9,16.3,16.0,15.3,14.2,14.0,14.6,15.2,15.9,16.4,15.9,15.0,13.9,14.2,14.4,32.3,33.6,34.0,34.4,32.5,33.5,31.8,33.0,14.8,15.7,16.4,15.8,15.4,14.6,14.7,14.5,15.4,15.7,16.2,15.4,15.1,14.1,13.4,14.5,15.2,15.6,15.7,15.7,14.9,13.8,13.8,14.2,868.2,
05/10/2025,15.0,16.0,15.8,16.4,15.4,13.9,14.3,14.4,15.3,16.2,16.1,15.6,15.2,13.8,14.4,14.6,15.4,15.9,16.2,15.6,15.1,13.5,14.2,14.8,15.7,15.9,15.9,15.2,14.5,14.3,13.6,14.7,15.8,16.1,16.3,15.5,14.7,14.6,14.4,14.7,15.4,16.3,16.1,15.6,14.4,14.7,13.9,14.6,726.0,
06/10/2025,15.4,14.8,14.5,13.8,14.4,15.2,16.1,16.3,16.2,14.7,14.5,13.6,14.2,15.1,66.8,67.6,72.8,68.1,94.4,94.1,90.6,93.7,94.3,88.0,87.6,86.9,74.9,73.3,77.7,70.9,71.5,69.8,62.1,53.7,14.0,13.5,14.4,15.2,15.7,16.2,16.2,15.2,14.4,14.0,14.0,15.0,15.8,16.2,1977.4,
07/10/2025,14.7,13.7,14.4,15.3,15.7,16.4,16.5,15.5,14.7,14.3,13.9,14.3,15.1,16.0,63.3,66.6,75.6,73.6,87.4,86.5,93.8,101.4,96.2,90.5,87.7,82.6,79.9,77.3,75.3,75.0,70.5,68.9,61.3,52.1,13.4,14.7,14.7,16.6,15.5,15.6,14.7,13.9,13.8,14.9,15.2,16.1,16.8,16.3,1988.2,
08/10/2025,15.6,15.8,15.1,16.2,15.2,14.0,14.1,14.2,15.0,15.7,16.4,15.4,14.6,14.0,65.3,64.3,69.4,73.9,89.2,100.4,92.5,97.8,91.8,87.3,88.3,86.7,78.4,76.3,77.4,69.2,73.1,71.2,58.5,60.3,16.1,15.8,14.9,14.0,14.1,14.8,15.3,15.6,16.6,15.3,14.9,13.9,13.9,14.9,1992.7,
09/10/2025,13.9,13.9,13.5,14.8,15.9,16.1,16.5,14.7,14.9,14.3,14.2,14.3,15.2,15.8,68.8,67.2,68.9,76.2,87.5,88.9,98.3,98.3,94.7,89.1,87.6,83.6,76.1,80.4,73.8,69.8,68.6,69.9,56.7,58.1,14.3,14.8,14.8,16.5,16.2,14.9,14.6,13.8,14.0,14.4,15.2,16.0,15.8,15.1,1980.9,
10/10/2025,14.4,13.7,13.9,14.7,15.5,16.0,16.2,15.9,14.8,14.5,14.0,14.4,15.7,15.8,67.5,62.5,65.4,75.9,90.1,88.7,98.7,101.4,93.8,92.5,88.9,82.2,76.1,75.3,71.6,78.3,69.2,71.1,58.7,60.6,14.0,14.5,55.6,56.7,56.3,52.0,56.2,56.8,54.6,54.8,54.0,57.3,16.0,15.3,2392.1,
11/10/2025,15.7,16.1,15.3,15.0,14.2,14.0,14.9,15.0,16.3,16.2,15.2,13.9,14.4,13.8,14.8,15.7,16.3,15.8,14.7,15.0,14.4,14.0,14.9,15.0,16.5,16.5,15.1,14.0,13.6,13.8,14.6,15.5,16.4,15.6,15.2,14.5,14.4,13.9,14.4,15.3,16.2,15.7,15.3,14.6,13.9,14.2,14.6,15.7,720.1,
12/10/2025,15.6,15.7,15.8,15.6,14.6,13.8,13.7,14.0,15.6,15.9,15.9,15.4,14.4,14.5,14.2,14.5,15.2,16.0,16.4,15.4,14.8,13.7,13.4,15.0,15.4,16.3,15.8,15.9,14.7,14.0,13.9,14.6,15.1,16.2,16.1,15.3,14.2,13.8,13.9,14.6,15.3,16.2,16.3,15.1,14.7,13.5,13.8,14.7,718.5,
13/10/2025,14.6,14.2,14.0,14.2,15.2,15.0,16.1,15.3,14.6,14.1,13.8,14.7,15.5,16.0,66.6,70.5,67.9,76.3,89.2,91.4,93.6,93.6,95.5,88.0,84.4,79.0,77.8,77.6,78.0,70.7,72.6,71.1,57.3,55.9,14.1,14.8,15.8,16.2,16.2,15.9,14.6,13.4,13.7,14.7,15.6,16.3,16.2,16.0,1977.8,
14/10/2025,14.7,13.6,13.7,14.3,15.3,15.9,16.0,16.3,14.5,14.0,13.9,14.3,15.1,15.4,67.4,65.2,72.0,71.2,89.9,86.8,96.6,92.4,91.0,89.4,85.0,82.4,77.3,74.3,79.1,74.3,70.1,71.5,59.6,53.5,14.3,15.1,15.4,16.1,16.1,15.0,15.0,13.7,13.6,14.5,15.4,15.9,16.4,16.0,1968.5,
15/10/2025,16.1,15.5,14.1,14.1,14.4,14.8,15.7,16.1,15.8,15.1,13.9,14.1,14.4,15.6,63.2,67.8,73.5,70.5,93.3,93.1,99.0,98.7,96.1,92.9,93.8,84.6,83.0,77.6,72.2,76.3,70.9,69.0,55.8,55.3,13.5,14.2,14.3,15.0,15.9,16.5,15.7,14.5,14.2,14.0,14.6,14.8,15.1,15.5,2004.1,
16/10/2025,15.8,16.3,15.3,14.8,14.2,14.4,15.2,15.6,15.9,15.8,15.3,14.3,13.7,14.3,61.9,67.0,67.5,75.3,91.1,96.4,94.6,91.7,94.7,92.8,86.7,79.8,84.6,78.7,69.6,73.5,70.7,71.5,56.6,58.2,15.8,14.2,13.9,14.2,14.8,16.0,16.3,15.9,15.4,14.2,14.0,14.3,15.0,15.6,1983.4,
17/10/2025,15.1,15.9,16.3,15.0,15.0,13.9,14.1,14.3,15.3,15.7,15.9,15.9,14.7,13.6,59.7,67.9,71.0,72.0,94.2,97.8,94.9,91.6,90.8,92.6,90.7,88.7,85.7,75.4,76.4,73.5,68.7,64.9,55.2,58.4,15.9,15.9,15.2,14.7,13.6,14.6,15.4,15.5,15.4,15.4,14.4,14.8,14.0,14.4,1990.0,
18/10/2025,14.6,14.1,14.0,14.8,15.3,16.2,16.6,15.3,14.7,14.3,13.8,14.1,15.4,15.8,16.6,15.9,34.4,32.0,34.1,32.0,33.9,35.4,34.2,33.7,14.5,13.5,13.8,14.6,15.2,16.4,16.3,15.8,14.9,14.2,14.1,14.1,14.6,16.2,15.8,15.6,13.9,14.2,13.6,14.8,15.4,15.8,16.4,15.7,870.6,
19/10/2025,13.9,13.8,14.7,15.2,16.5,15.7,14.9,14.2,14.2,14.0,14.3,15.4,15.6,16.1,15.4,14.3,14.0,14.2,14.8,15.8,15.7,15.8,15.0,14.8,14.2,14.1,14.5,15.0,16.2,15.9,15.5,14.3,13.5,14.0,14.6,15.1,16.2,15.6,15.6,14.4,13.5,14.2,15.0,15.9,16.4,16.0,15.2,14.6,717.8,
20/10/2025,14.9,15.7,15.9,15.8,15.0,13.6,13.9,14.2,14.9,15.7,16.1,15.8,14.5,14.5,62.0,72.0,70.3,70.4,93.2,100.0,99.7,98.8,89.9,91.9,88.4,83.1,80.7,73.0,73.1,73.1,74.4,67.3,55.3,53.3,16.0,15.7,14.8,14.0,13.9,14.6,15.2,16.2,16.2,15.8,14.7,14.1,13.7,14.1,1989.4,
21/10/2025,15.5,15.9,16.7,15.2,14.7,14.2,14.2,14.6,14.8,16.4,15.9,14.8,15.3,14.2,65.4,67.6,76.6,73.4,88.8,97.1,97.4,89.3,95.8,87.9,89.8,80.1,80.8,74.6,73.6,74.2,68.7,75.0,57.2,62.2,16.6,15.5,14.6,14.2,13.9,14.9,15.6,16.0,15.8,15.4,14.4,14.2,13.7,14.5,1997.2,
22/10/2025,15.6,15.8,15.6,15.6,14.9,14.3,14.1,14.8,15.0,16.0,15.8,16.1,15.1,14.3,59.6,70.8,70.0,76.6,97.5,99.5,94.1,94.5,95.4,87.9,87.1,83.9,86.1,77.3,74.1,74.1,66.9,69.3,60.8,59.3,16.1,16.0,14.8,14.4,13.7,14.8,14.7,15.4,15.9,15.9,15.2,14.0,13.8,14.6,2007.1,
23/10/2025,15.1,16.1,15.6,15.2,14.2,13.5,14.1,14.4,15.0,16.1,15.8,15.1,14.6,14.3,66.1,67.9,75.4,76.4,93.0,93.4,99.6,92.8,90.9,93.7,89.0,83.0,80.2,79.9,71.7,72.1,70.8,72.9,60.8,60.4,16.0,15.2,14.7,13.9,14.1,14.8,15.8,15.4,15.6,14.9,14.1,13.6,13.6,14.6,2005.4,
24/10/2025,13.9,14.9,15.6,15.5,15.8,14.9,14.1,13.9,13.9,14.9,15.8,15.5,15.5,14.5,62.2,68.2,69.6,70.5,92.2,97.9,99.7,96.3,94.9,86.4,89.6,80.9,79.1,79.4,79.0,70.0,71.0,68.6,57.2,56.5,15.7,16.1,53.2,53.6,55.7,55.5,54.2,53.4,53.6,54.1,55.4,54.9,14.4,13.8,2381.5,
25/10/2025,15.1,14.9,15.6,16.5,14.7,14.0,13.8,14.7,14.8,15.5,16.3,15.6,15.0,14.4,14.0,14.0,15.3,15.7,15.8,15.5,15.0,14.1,14.2,14.0,14.9,16.3,16.1,15.1,14.9,13.7,13.9,14.1,15.0,15.6,15.3,15.7,15.2,14.1,14.1,14.2,15.0,15.9,16.3,15.3,15.1,13.7,14.0,14.2,716.2,
26/10/2025,15.8,15.6,30.4,27.3,13.5,13.5,14.6,15.4,16.7,15.8,15.1,14.1,14.2,14.2,14.9,15.9,16.6,15.9,15.2,14.6,13.5,13.9,15.3,15.0,16.1,15.8,15.2,14.4,14.2,13.9,14.4,15.1,16.2,15.2,14.7,14.9,13.8,14.0,14.9,15.8,15.7,15.6,14.7,14.1,13.6,14.1,15.0,15.7,744.1,
27/10/2025,14.6,15.9,16.3,15.8,15.2,13.7,14.0,14.5,15.0,15.7,16.1,15.6,15.2,14.1,61.2,68.5,68.8,70.8,89.8,93.3,94.5,98.5,93.2,91.7,84.1,80.3,80.7,74.4,74.0,69.7,69.5,73.4,57.9,54.8,15.6,15.9,15.4,14.1,13.8,14.5,15.3,16.1,15.9,15.5,14.5,14.4,13.5,14.4,1969.7,
28/10/2025,15.3,15.9,15.6,15.6,15.2,13.9,14.4,14.1,15.1,15.5,16.2,15.3,14.9,14.3,63.3,67.0,68.6,77.7,95.2,93.6,95.1,88.2,94.5,92.0,90.0,85.3,78.9,78.4,73.9,73.9,66.0,69.9,60.7,61.1,15.3,16.2,15.4,13.7,13.7,14.1,15.3,15.5,16.3,15.4,14.9,14.5,13.8,13.6,1992.3,
29/10/2025,13.6,14.1,14.5,15.0,16.1,16.5,15.0,14.5,13.9,14.3,15.2,15.6,16.1,15.2,67.6,67.3,67.2,76.7,93.1,92.7,94.9,98.6,88.4,84.6,88.1,82.5,82.0,72.8,72.9,76.0,67.8,66.0,55.9,58.8,14.4,15.5,16.0,15.1,15.6,14.9,13.5,14.6,14.5,15.3,16.0,16.1,15.2,14.8,1975.0,
30/10/2025,14.9,15.9,15.4,14.9,14.3,13.7,14.1,14.3,15.6,15.6,16.4,15.2,15.2,13.5,60.5,66.8,75.9,74.4,93.0,91.0,89.8,88.7,96.6,90.8,91.5,87.7,81.2,75.4,71.1,72.0,71.2,70.3,62.5,58.9,15.8,15.4,14.1,13.7,14.0,14.4,15.0,16.2,16.0,14.9,14.6,14.0,13.7,14.5,1984.6,
31/10/2025,14.8,14.0,13.9,14.5,15.3,15.7,15.5,15.5,14.8,13.9,13.6,14.4,15.4,15.7,62.6,75.1,72.8,70.5,89.1,91.6,97.3,95.8,89.3,84.0,86.2,82.3,85.2,77.1,74.6,75.3,74.6,72.6,55.3,56.4,13.8,14.7,15.2,15.7,15.5,15.4,14.6,14.0,13.8,14.8,15.4,15.8,16.0,15.3,1984.7,
01/11/2025,13.8,13.9,14.5,14.9,15.9,15.4,15.4,14.8,14.0,13.9,14.1,15.7,15.9,15.3,15.5,14.4,32.9,33.6,33.3,33.5,34.8,35.1,33.8,33.3,13.8,13.7,14.6,15.5,15.8,15.6,15.3,14.4,14.1,13.9,14.7,15.0,15.7,15.8,15.2,14.1,14.3,14.0,14.2,15.1,16.2,15.7,15.6,14.5,864.5,
02/11/2025,16.2,16.0,15.5,14.5,14.0,13.6,15.2,15.3,16.0,15.8,15.1,14.1,13.7,14.0,14.5,15.6,15.8,15.8,15.2,14.5,13.8,14.1,14.4,15.2,15.8,16.0,14.6,13.5,13.9,14.2,14.4,15.2,16.2,15.7,14.9,14.7,13.7,14.4,14.7,15.4,15.2,15.6,15.1,13.6,13.9,13.9,14.6,15.2,712.3,
03/11/2025,15.2,15.2,15.3,15.0,14.1,13.7,14.0,13.9,15.4,15.8,15.6,15.3,14.3,13.5,64.0,66.4,70.0,71.1,89.4,90.6,92.0,97.2,93.1,89.9,85.9,87.9,76.4,72.1,76.2,74.1,71.6,72.1,59.6,59.8,15.5,15.6,14.4,13.5,13.6,14.6,15.0,15.6,16.1,15.5,14.5,14.1,14.3,14.6,1972.6,
04/11/2025,13.7,13.9,14.7,15.2,15.9,15.4,15.1,14.6,14.1,13.1,14.3,15.2,15.6,16.2,67.8,66.2,69.9,74.1,90.4,91.4,96.0,95.2,89.5,92.7,88.6,83.7,77.5,80.8,75.4,69.3,69.9,73.4,51.8,53.8,14.6,15.8,16.1,15.9,15.4,14.4,13.8,13.9,14.1,15.4,15.7,15.6,15.0,14.3,1974.4,
05/11/2025,14.7,15.7,15.7,15.5,14.8,14.1,13.9,14.2,14.8,15.9,15.8,15.9,15.1,13.9,63.7,69.3,74.1,77.0,89.0,94.6,93.0,96.6,96.7,86.0,87.2,80.1,78.2,77.7,73.5,73.0,67.0,72.9,55.8,58.9,15.8,15.5,14.4,13.7,14.0,14.5,14.7,15.7,16.0,16.0,14.5,13.6,13.3,14.2,1980.2,
06/11/2025,14.0,14.1,14.6,15.1,16.4,15.9,15.3,14.2,13.8,13.3,15.0,15.0,15.4,15.8,65.3,67.1,68.2,74.8,92.6,91.0,91.8,98.8,89.0,91.4,85.7,81.6,78.9,78.9,70.6,70.8,69.4,65.4,56.8,55.4,14.3,14.9,16.0,16.5,15.1,14.3,14.0,13.4,14.7,15.2,16.1,16.2,14.7,14.5,1961.3,
07/11/2025,15.6,14.1,13.7,13.8,14.2,15.5,15.1,16.1,15.5,14.7,13.5,14.1,14.1,14.7,68.9,64.5,72.2,72.1,88.8,91.1,94.3,90.5,91.4,91.9,87.5,83.5,76.8,79.6,75.3,75.5,67.9,74.4,58.4,55.0,14.2,13.7,14.0,14.9,15.3,15.7,15.1,14.5,14.1,14.1,14.1,15.2,15.6,15.3,1970.1,
08/11/2025,15.8,15.0,14.8,13.6,13.7,13.8,14.2,15.1,15.4,15.8,14.8,14.0,13.5,14.4,14.2,15.0,15.9,16.2,15.0,13.9,13.8,14.1,14.6,15.8,15.9,15.5,15.3,14.4,13.2,13.6,14.2,15.3,15.4,15.0,14.8,14.4,13.9,13.8,15.0,15.4,15.9,15.9,14.9,13.3,13.9,13.8,14.7,15.7,705.6,
09/11/2025,13.2,13.7,14.7,15.1,16.1,15.0,15.2,14.5,13.5,13.9,13.9,15.3,15.8,15.3,15.2,14.2,13.4,14.0,14.4,15.1,15.3,15.0,15.0,14.6,14.2,14.0,14.6,15.2,15.7,15.3,14.9,14.5,13.8,13.5,13.9,15.1,15.7,15.8,14.9,14.0,13.6,13.5,14.0,15.0,15.9,16.1,15.1,14.3,704.0,
24/11/2025,14.5,15.1,15.7,15.3,14.6,14.0,14.2,14.5,14.8,15.7,15.7,15.1,14.0,14.2,64.2,63.5,73.9,72.1,91.8,91.7,97.7,91.4,86.8,91.8,85.5,85.1,77.9,76.0,73.0,67.6,70.9,67.6,55.5,57.8,16.5,14.5,14.7,13.7,14.0,13.8,15.3,15.2,14.8,15.2,14.2,13.7,13.3,13.9,1952.0,
25/11/2025,15.2,15.2,13.6,13.6,14.2,15.1,15.3,15.7,15.0,14.3,14.2,13.7,14.3,14.3,62.1,69.8,72.9,72.5,93.2,89.6,95.9,93.5,90.2,88.2,87.0,85.2,77.1,74.2,75.5,72.6,69.6,70.4,60.9,58.2,13.7,13.7,13.8,14.5,15.0,15.2,15.5,14.6,14.4,13.9,13.5,14.4,15.2,15.8,1965.5,
26/11/2025,15.6,15.4,14.9,14.3,13.7,13.8,14.4,14.7,15.2,15.5,14.4,14.1,13.7,13.7,60.8,65.4,73.8,70.9,90.0,87.5,96.6,93.9,90.0,91.5,87.2,85.3,76.0,77.0,68.8,75.6,69.5,71.3,58.2,60.8,14.5,13.7,13.1,14.3,13.8,15.1,15.6,15.1,14.5,14.0,13.8,14.0,14.3,15.4,1954.7,
27/11/2025,15.1,14.9,13.8,13.6,13.8,14.7,15.7,16.0,15.4,14.9,13.6,13.7,13.2,14.2,67.9,70.5,68.2,71.2,94.1,90.8,92.2,94.8,94.9,86.4,88.3,81.1,82.0,75.4,75.8,70.3,71.6,71.8,53.7,60.6,13.9,13.2,14.2,15.1,15.4,15.8,15.0,14.5,13.3,13.5,14.3,14.5,15.2,15.7,1967.8,
28/11/2025,13.5,14.2,15.5,16.3,15.5,14.3,13.8,13.4,14.3,14.8,15.1,15.5,14.9,14.5,61.9,69.2,71.4,77.3,92.2,95.0,99.9,94.4,88.3,89.7,84.0,80.2,79.9,76.0,75.1,74.2,65.3,70.4,60.1,58.8,15.3,15.9,55.5,54.7,56.2,54.1,51.1,56.8,54.3,55.8,54.6,55.3,13.9,13.3,2375.7,
29/11/2025,13.6,13.5,14.5,15.1,15.3,15.5,15.2,14.1,13.5,14.0,14.9,15.3,15.7,15.6,15.0,14.5,32.2,33.9,31.2,34.3,34.3,34.5,33.8,31.5,13.8,13.6,14.8,14.9,15.3,15.3,14.7,14.1,14.0,13.6,14.1,15.7,16.1,15.4,14.4,14.4,14.1,13.5,14.5,15.1,15.7,15.7,15.0,14.5,853.3,
30/11/2025,13.5,14.0,14.8,16.2,15.0,15.0,14.3,14.1,13.6,14.1,15.2,15.9,15.9,14.6,14.0,13.7,13.7,14.4,14.6,15.3,15.1,14.3,14.1,13.6,13.9,14.6,15.5,15.2,15.6,14.8,13.9,13.2,13.4,14.2,15.5,15.6,15.4,14.9,13.7,13.8,13.8,14.7,15.6,15.9,15.0,14.5,13.6,13.1,698.4,
01/12/2025,13.9,13.7,13.9,13.9,14.5,15.6,15.2,15.7,14.4,13.6,13.5,13.8,14.4,15.3,68.7,69.2,68.3,76.5,83.0,88.2,94.1,99.4,94.4,89.0,92.4,84.1,76.8,80.0,77.9,72.3,71.4,73.3,56.0,58.5,13.9,14.0,14.8,15.4,16.1,15.1,14.5,13.6,13.8,13.5,15.2,15.9,15.9,15.4,1982.0,
02/12/2025,14.9,15.3,15.5,15.1,14.6,13.7,13.3,14.0,14.7,15.7,15.2,15.6,14.9,14.1,62.8,66.0,69.6,72.5,89.5,91.4,91.0,93.6,94.7,87.8,87.5,85.0,80.3,78.5,73.7,70.2,67.0,71.5,60.0,56.1,15.9,14.8,14.6,13.6,14.0,13.9,14.6,15.4,15.5,15.0,15.2,13.5,13.7,13.3,1958.3,
03/12/2025,15.5,15.8,14.5,14.0,13.7,13.6,14.7,15.1,15.6,15.6,14.7,14.3,13.3,14.0,59.8,68.9,69.4,77.8,87.6,90.6,90.0,89.5,91.3,92.3,85.2,88.6,81.8,76.8,77.5,68.5,68.5,71.2,55.9,52.3,14.8,13.9,13.5,13.8,14.2,14.8,15.4,15.6,14.6,14.3,13.9,13.9,14.4,15.1,1950.1,
04/12/2025,13.9,13.3,14.1,14.8,15.5,15.3,15.0,14.0,13.6,13.6,14.4,15.0,16.2,15.7,62.6,71.6,73.9,76.0,87.1,94.8,91.1,94.0,91.0,83.6,86.4,81.5,81.4,74.4,72.1,76.8,68.2,68.6,59.1,58.2,14.3,15.0,15.5,15.2,14.8,14.3,13.8,13.8,14.3,15.2,14.9,16.0,14.9,13.9,1962.7,
05/12/2025,14.9,15.2,15.6,14.7,14.1,13.8,13.5,14.5,14.8,16.0,15.2,14.7,14.4,13.6,62.0,68.8,71.4,73.8,89.4,93.8,90.7,92.4,88.1,89.2,88.6,83.7,82.8,80.4,71.7,67.1,73.6,69.7,56.9,61.3,15.3,15.1,14.4,13.3,13.9,14.7,15.1,14.7,15.7,14.8,14.1,13.2,13.4,14.5,1962.6,
06/12/2025,14.5,14.9,15.1,15.4,14.7,13.5,13.9,13.6,14.8,15.5,16.0,14.9,13.9,14.2,13.6,14.0,14.5,15.3,15.1,15.3,15.1,13.5,13.5,13.6,14.7,15.6,15.8,15.1,14.1,13.7,13.2,14.1,15.2,15.4,15.2,15.4,14.3,14.1,13.3,13.6,14.7,14.8,15.6,15.0,14.9,14.1,13.4,13.6,697.3,
07/12/2025,15.4,15.8,15.2,14.9,14.1,13.6,14.1,14.2,14.6,15.5,15.3,14.9,14.2,13.6,13.9,14.3,14.6,15.6,15.0,14.8,14.0,13.6,13.6,13.8,15.5,16.0,15.8,14.9,14.3,14.0,13.7,13.9,15.1,15.9,15.7,14.5,14.5,13.6,13.3,14.4,14.7,15.7,15.6,14.8,14.3,13.7,14.1,13.9,700.5,
08/12/2025,14.1,15.0,15.8,15.2,14.1,13.6,13.1,13.1,15.0,15.6,15.4,14.9,14.3,14.0,61.9,66.0,73.7,77.0,88.1,92.0,98.3,95.6,92.0,94.0,83.5,83.0,78.5,75.5,70.7,66.6,64.2,66.9,61.6,57.3,15.5,15.3,14.4,14.1,13.6,13.9,14.5,15.7,15.1,14.9,14.4,13.7,13.3,14.5,1952.5,
09/12/2025,15.5,15.0,14.0,13.8,14.2,14.2,15.5,15.4,15.1,14.5,14.3,13.4,13.7,14.4,63.6,65.2,75.3,71.6,88.0,89.0,85.0,91.9,97.0,94.1,89.0,80.9,81.7,73.7,69.7,68.8,75.3,74.6,62.6,57.4,13.8,13.4,14.0,14.6,14.7,15.4,15.1,14.6,13.4,13.6,13.9,14.2,15.6,15.4,1959.1,
10/12/2025,15.1,15.3,14.6,14.2,13.4,13.6,14.4,15.0,15.8,15.1,14.6,13.9,13.7,13.7,63.9,65.5,70.5,72.4,93.7,93.6,91.8,91.2,90.1,90.1,88.0,80.2,75.4,79.5,74.5,73.3,66.0,69.8,55.9,58.7,14.8,13.9,14.2,14.2,14.3,14.8,14.8,15.5,14.9,13.9,13.3,13.9,14.8,14.7,1948.5,
11/12/2025,15.4,14.8,13.9,13.6,13.4,14.8,15.0,15.7,15.1,15.1,13.4,13.6,14.3,14.8,65.3,66.2,69.8,73.2,89.4,92.1,96.2,95.3,93.8,93.8,91.4,79.1,74.7,75.4,68.6,71.4,68.7,71.4,55.1,59.8,13.5,13.5,13.5,14.3,15.5,15.5,15.7,14.6,13.7,13.9,14.0,14.7,15.3,15.0,1956.3,
12/12/2025,14.5,13.5,14.1,14.1,14.8,15.2,16.2,14.9,14.4,13.6,13.3,13.7,14.8,15.3,67.6,72.7,65.0,74.3,88.9,93.6,99.0,96.4,96.6,87.4,87.8,83.4,82.3,75.2,74.9,74.8,69.5,71.0,57.4,54.0,13.1,14.7,55.0,57.6,54.8,53.0,52.0,53.3,53.0,54.7,57.2,55.8,16.1,14.8,2379.3,
13/12/2025,14.7,14.9,15.3,15.6,14.2,13.7,13.1,13.7,14.8,14.9,15.1,15.3,14.3,13.5,13.7,14.2,33.5,32.4,33.0,34.5,32.7,31.5,32.2,33.1,15.0,15.4,15.3,15.1,14.4,13.8,13.5,14.2,14.3,15.5,15.1,14.7,14.3,13.9,13.6,13.6,14.8,15.1,15.5,15.1,14.3,13.9,13.5,13.3,841.1,
14/12/2025,15.3,14.7,13.8,13.5,14.2,14.7,15.0,15.9,14.8,15.0,13.7,13.6,13.6,14.5,15.1,16.2,15.4,14.3,13.9,13.2,13.7,14.6,15.4,15.8,15.2,14.9,13.8,13.6,13.9,14.1,15.2,15.7,15.2,14.6,13.4,13.0,14.0,14.7,15.3,15.5,15.4,14.1,13.3,13.9,13.7,14.2,15.1,15.5,697.2,
15/12/2025,15.4,15.5,14.8,14.0,13.4,13.9,13.8,14.9,15.7,15.1,14.7,14.1,13.2,13.9,63.4,65.0,68.0,72.9,91.1,89.5,95.7,90.5,91.7,90.7,89.2,85.7,79.2,76.7,69.2,67.5,68.7,71.4,55.2,57.0,14.9,13.9,13.5,13.3,13.9,14.6,15.5,15.5,14.7,13.5,13.7,13.7,14.4,15.8,1941.6,
16/12/2025,13.5,14.1,15.4,15.3,15.5,14.7,13.7,13.9,13.9,14.1,15.1,15.3,15.1,15.1,58.6,67.1,72.3,73.0,91.1,93.9,97.3,97.1,91.8,89.0,85.6,84.8,76.7,74.5,71.1,67.5,69.9,68.2,54.1,58.6,15.0,15.4,15.6,15.0,13.6,13.5,13.4,14.4,15.2,15.4,15.2,14.7,13.8,13.5,1950.6,
17/12/2025,15.9,15.4,14.4,14.0,13.8,13.5,13.7,14.9,15.6,15.5,14.6,13.7,13.5,13.9,63.5,68.1,64.7,77.1,86.4,92.6,89.1,90.6,89.8,87.3,87.9,83.7,75.5,75.6,77.9,68.2,68.6,69.7,59.5,57.3,14.9,13.6,13.3,14.1,13.7,14.5,15.4,15.6,14.6,14.2,13.8,14.1,13.9,14.8,1936.0,
18/12/2025,13.6,13.5,14.0,15.0,15.7,15.4,15.0,14.3,13.4,13.9,14.1,15.0,15.4,15.3,64.3,66.6,68.4,71.1,83.1,92.4,98.7,95.2,93.3,90.8,83.4,80.5,81.6,75.3,79.9,76.9,70.1,69.5,58.9,57.5,14.3,15.3,15.3,15.3,14.4,14.2,14.3,13.3,14.3,15.1,14.9,15.5,14.8,14.1,1966.2,
19/12/2025,14.7,14.2,13.6,13.9,13.6,14.7,15.2,15.4,15.3,14.8,13.5,13.0,13.9,14.0,64.2,64.8,74.8,79.0,92.0,89.6,90.7,99.0,94.7,93.3,86.5,84.9,77.7,74.1,73.4,69.5,73.8,73.7,62.3,52.3,14.4,13.4,13.7,15.0,15.8,15.6,15.4,14.7,13.8,13.4,13.6,14.4,15.6,15.6,1974.5,
20/12/2025,14.2,13.6,13.7,14.1,14.4,15.5,15.5,14.6,14.1,13.2,14.0,14.2,14.8,15.7,15.0,14.9,14.2,13.5,13.5,14.1,14.7,15.5,15.7,15.1,14.4,13.5,13.3,13.5,14.9,15.7,15.7,15.2,14.3,13.8,13.4,14.3,14.8,15.7,16.1,15.0,14.0,13.6,13.5,14.1,14.9,15.0,15.4,15.1,697.0,
21/12/2025,14.9,15.3,15.8,14.5,13.9,13.3,13.2,13.8,14.7,15.2,15.3,14.5,14.3,13.8,13.0,14.6,14.5,15.3,15.7,15.0,14.2,13.3,13.3,14.4,14.4,15.3,15.4,14.9,14.4,13.2,13.7,13.9,15.0,15.3,15.5,15.1,13.7,13.5,13.3,14.2,15.0,15.6,15.2,15.0,14.1,13.9,13.6,13.7,692.7,
22/12/2025,14.8,15.7,15.3,14.7,14.4,13.3,13.5,14.1,14.7,15.0,15.3,15.1,13.7,13.4,61.2,60.4,72.5,78.3,88.4,91.6,95.0,93.0,95.3,93.2,85.6,82.3,81.5,80.0,72.1,73.6,71.2,65.9,62.3,57.9,14.7,15.0,14.2,13.5,13.8,13.8,14.9,15.5,15.3,14.4,14.2,13.5,13.6,14.0,1964.7,
23/12/2025,15.3,15.3,15.1,14.1,13.4,13.4,14.4,15.4,14.8,15.3,14.9,13.8,13.2,13.2,63.6,69.8,74.5,75.0,89.8,90.2,92.0,93.9,91.5,94.8,87.2,84.9,74.4,71.9,75.2,73.4,70.6,73.7,62.9,60.6,14.6,13.7,13.5,13.6,14.7,15.1,15.2,15.3,14.8,13.9,13.1,13.7,14.7,15.4,1972.8,
24/12/2025,6.7,7.0,7.4,8.2,8.5,8.2,8.0,7.3,6.9,6.8,7.2,8.0,8.5,8.3,8.2,7.1,7.0,6.6,7.4,8.3,8.4,8.6,7.8,7.5,6.7,6.8,7.2,8.1,8.7,8.6,8.0,7.6,6.6,6.8,7.2,7.9,8.6,8.5,8.2,7.5,7.1,7.1,7.3,8.1,8.5,8.4,8.1,7.4,368.9,
25/12/2025,7.7,8.6,8.6,8.6,8.0,6.7,6.6,7.1,8.1,8.5,8.6,8.1,7.6,6.9,6.7,7.1,7.7,8.7,8.7,8.2,7.4,6.8,6.7,7.2,8.0,8.7,8.5,8.4,7.5,6.6,6.7,7.0,7.8,8.8,8.9,8.0,7.4,7.1,6.8,7.0,8.1,8.5,8.7,8.3,7.8,7.0,6.7,7.0,370.2,
26/12/2025,6.9,7.6,8.7,8.7,8.6,7.6,7.2,6.8,7.0,7.6,8.3,8.5,8.3,8.1,7.0,6.7,6.8,7.4,8.3,9.0,8.4,7.6,7.0,6.7,6.9,7.4,8.1,8.6,8.1,7.8,7.1,6.8,6.8,7.4,8.0,9.1,8.5,7.7,6.9,6.8,6.9,7.8,8.5,8.7,8.4,7.7,7.3,6.3,368.4,
27/12/2025,6.9,6.8,7.3,8.1,8.6,8.4,8.1,7.1,6.9,6.7,7.3,8.0,8.8,8.7,8.3,7.2,6.8,6.9,7.4,8.7,8.6,8.4,8.2,7.3,6.6,6.9,7.1,8.2,8.4,8.5,8.0,7.2,6.5,6.8,7.4,8.5,8.4,8.6,7.9,7.1,6.9,6.9,7.6,7.9,8.8,8.9,8.0,7.3,369.9,
28/12/2025,6.6,6.9,7.1,8.1,8.9,8.6,8.1,7.4,6.9,6.9,7.4,8.0,8.4,8.5,7.9,7.0,6.8,6.8,7.3,8.3,8.7,8.3,8.1,7.3,6.6,6.7,7.4,8.2,8.4,8.4,7.9,7.4,6.8,7.0,7.5,8.1,8.4,8.9,8.3,7.1,6.7,7.0,7.6,8.4,8.5,8.7,7.8,7.1,369.2,
29/12/2025,7.9,8.4,9.0,8.2,7.7,6.8,6.8,7.2,7.8,8.5,8.9,8.3,7.9,7.0,6.7,7.1,7.8,8.3,8.6,8.5,7.7,7.2,6.4,7.0,7.7,8.6,8.8,8.3,7.7,6.9,6.7,7.1,7.8,8.3,8.6,8.2,7.3,6.9,6.8,7.1,7.4,8.2,8.4,8.4,7.3,7.3,6.8,7.3,369.6,
30/12/2025,6.8,7.6,8.4,8.8,8.2,8.0,7.4,6.7,6.9,7.5,8.4,8.7,8.5,7.9,7.0,6.6,6.9,7.4,8.2,8.8,8.5,7.6,7.3,6.7,6.8,7.8,8.2,8.4,8.4,7.6,7.4,6.6,6.8,7.7,8.3,8.4,8.6,7.8,7.3,6.6,6.8,7.7,8.4,8.6,8.4,7.8,6.9,6.8,368.9,
31/12/2025,6.6,6.7,7.4,8.0,8.7,8.5,8.0,7.1,6.8,6.9,7.4,8.0,8.7,8.5,7.8,7.2,6.8,6.9,7.2,8.1,8.5,8.6,7.9,7.3,6.9,6.6,7.2,8.1,8.8,8.5,7.9,7.2,6.8,6.6,7.4,7.9,8.7,8.9,8.0,7.3,6.9,6.8,7.3,8.0,8.4,8.5,8.0,7.0,367.3,
01/01/2026,7.8,8.5,8.7,8.3,7.6,7.0,6.5,7.1,7.9,8.4,8.6,8.6,7.6,6.7,6.5,7.0,7.4,8.6,8.5,8.3,7.7,6.9,6.5,6.8,7.6,8.0,8.9,8.3,7.7,6.9,6.5,7.4,7.8,8.5,8.8,8.5,8.0,6.9,6.8,7.1,7.6,8.4,8.4,8.6,7.7,7.0,6.7,7.3,368.9,
02/01/2026,6.7,6.7,7.4,8.3,8.8,8.3,8.1,7.5,6.7,6.7,7.5,8.3,8.5,8.5,8.1,7.1,6.8,6.9,7.3,8.3,8.7,8.4,8.1,7.4,6.8,6.8,7.3,8.2,8.7,8.8,7.9,7.3,6.8,6.8,7.4,7.7,8.7,8.2,7.8,7.1,6.7,6.8,7.2,7.8,8.5,8.7,8.0,7.1,368.2,
03/01/2026,14.1,13.6,13.5,13.8,14.9,15.8,15.2,15.0,13.9,13.7,13.6,13.9,14.9,15.4,14.6,15.0,14.1,13.1,13.5,13.4,14.6,15.4,15.4,14.8,14.2,13.7,13.9,13.9,14.6,15.3,15.3,14.8,14.1,13.5,13.6,13.7,14.7,15.0,15.2,14.7,14.6,13.8,13.7,13.8,14.9,15.3,15.0,14.6,691.1,
04/01/2026,13.8,13.9,14.5,14.6,15.1,15.4,15.0,13.3,13.7,13.5,14.2,14.3,15.0,15.2,15.0,13.9,13.1,14.1,13.9,14.5,15.6,15.4,14.8,13.7,13.1,13.9,14.2,15.0,15.3,15.1,14.7,14.3,13.5,13.2,13.7,14.9,15.8,15.5,14.7,14.0,13.4,13.7,14.4,14.6,15.2,14.9,14.7,14.6,691.9,
05/01/2026,14.3,15.8,15.4,14.8,13.9,13.4,13.8,14.0,15.1,15.6,15.2,15.1,14.0,13.4,63.4,69.6,75.4,69.6,89.6,95.9,92.5,91.9,94.1,89.5,88.7,82.0,79.8,72.0,68.9,67.0,70.1,72.3,59.0,56.6,15.3,14.8,14.1,13.5,13.6,13.8,14.9,15.1,14.9,14.8,14.4,13.2,13.4,14.3,1951.8,
06/01/2026,14.5,13.7,13.2,13.9,14.5,15.4,15.4,14.7,13.8,13.3,13.5,14.2,14.5,14.8,64.7,65.1,71.6,69.6,86.1,89.3,90.8,92.2,93.9,88.6,81.0,80.3,78.0,73.5,77.5,71.6,72.9,72.6,53.5,52.3,13.7,13.8,14.7,15.5,15.9,14.9,14.0,13.4,13.2,13.9,14.7,15.3,15.5,15.1,1928.1,
07/01/2026,13.4,13.1,14.7,14.7,15.0,15.4,14.7,14.2,13.6,13.1,13.8,14.3,15.2,15.4,63.0,63.0,71.6,73.4,88.0,95.8,90.9,98.7,91.7,88.0,84.8,83.1,78.1,76.3,74.7,72.6,75.2,66.8,52.1,53.6,13.6,14.7,15.1,15.3,14.9,14.0,13.7,13.9,14.5,14.6,15.3,15.6,14.9,14.1,1946.2,
08/01/2026,14.6,15.5,15.1,14.8,14.1,13.7,13.5,13.9,14.3,15.4,15.2,14.6,13.9,13.3,61.3,72.1,73.3,76.1,87.1,95.0,91.0,94.4,86.6,86.5,81.2,83.9,80.2,79.9,74.6,74.3,71.3,63.6,58.4,56.7,15.3,14.9,14.1,13.5,13.5,13.6,14.7,15.2,15.2,14.8,14.2,13.8,13.5,14.0,1949.7,
09/01/2026,13.2,13.5,13.4,14.4,15.2,15.3,14.8,13.7,13.1,13.7,14.2,14.4,15.0,14.8,63.3,69.0,67.1,72.3,86.0,99.1,97.0,98.0,96.8,95.9,82.6,83.4,82.0,73.0,78.8,74.3,74.1,73.3,58.4,56.5,13.9,14.7,56.9,56.9,54.3,53.3,56.7,56.2,55.7,57.0,54.2,54.3,14.6,13.8,2392.1,
10/01/2026,13.8,13.9,13.4,13.6,15.0,15.6,15.7,15.1,13.9,13.5,14.0,14.0,14.5,15.6,15.7,15.0,31.3,32.5,31.6,34.6,34.2,34.9,35.2,33.3,14.1,13.2,13.8,14.4,14.7,14.6,15.8,15.2,14.5,13.7,13.4,13.7,14.7,15.2,15.3,14.1,14.4,13.5,13.2,13.9,14.9,15.9,15.7,14.1,845.9,
11/01/2026,14.7,15.0,15.8,14.9,13.7,13.7,13.5,14.2,15.0,14.9,15.0,14.7,14.3,13.7,13.6,13.7,15.3,15.3,15.0,14.8,13.9,13.3,13.6,14.0,14.4,15.1,15.1,15.3,13.8,13.4,13.1,13.6,15.6,15.5,14.8,14.4,13.9,13.2,13.1,13.6,14.4,15.9,15.6,14.6,13.9,13.5,13.7,14.7,689.8,
12/01/2026,13.0,14.4,15.2,15.6,15.8,14.5,13.5,-13.1,13.2,13.9,15.1,15.1,15.2,-14.8,62.7,63.1,72.1,73.2,93.1,93.0,100.6,97.1,91.0,88.2,80.7,81.7,84.5,80.8,-75.2,74.0,66.9,67.9,63.4,56.7,14.4,15.0,15.3,14.7,-13.7,13.4,13.7,14.1,15.2,14.8,-15.0,14.4,14.0,13.8,1706.2,
13/01/2026,15.5,14.8,14.6,14.0,13.4,13.3,14.5,15.0,15.5,15.4,14.5,-13.7,13.4,13.8,64.6,70.2,72.7,75.5,84.7,93.3,94.8,91.8,94.8,92.9,82.6,87.3,78.9,75.8,73.6,71.1,73.9,65.2,59.6,55.4,14.8,13.2,13.3,13.9,-14.0,15.3,-15.3,15.2,14.5,14.2,13.4,13.8,14.0,-14.7,1844.3,
14/01/2026,16.1,15.1,14.3,13.5,13.5,-13.4,14.4,14.5,15.2,15.2,14.7,14.1,-13.6,13.6,63.7,65.9,71.0,74.2,86.7,89.5,88.5,90.6,91.4,92.6,-84.9,79.6,84.2,77.6,75.8,68.7,73.0,73.0,56.7,54.7,14.5,13.7,13.2,13.7,14.0,15.0,15.3,15.5,14.3,13.3,-13.2,13.7,14.8,14.6,1692.1,
15/01/2026,14.5,15.5,15.4,14.7,14.3,13.9,13.4,14.0,14.2,15.2,14.9,14.7,14.0,13.7,60.8,67.7,67.1,75.5,87.4,95.9,92.5,94.3,90.7,89.9,84.3,83.6,82.1,79.1,75.9,68.8,70.0,68.8,57.3,58.9,15.2,15.1,14.9,13.5,13.5,13.7,13.8,15.6,14.9,14.5,14.3,13.6,13.6,13.7,1952.9,
16/01/2026,14.5,13.7,14.1,14.7,15.3,14.7,14.3,13.7,13.3,13.7,14.5,15.1,15.0,15.0,67.9,59.4,67.3,73.9,90.9,89.0,95.0,92.2,92.8,89.1,81.6,81.5,80.3,78.1,77.8,70.1,72.3,65.7,59.2,58.6,14.1,14.8,15.5,15.7,14.1,14.0,13.6,13.3,14.3,14.5,15.1,15.0,14.8,13.9,1947.0,
17/01/2026,14.3,13.6,13.7,13.7,14.5,15.4,15.1,15.5,14.2,13.9,13.7,14.1,14.6,15.0,15.3,15.1,14.1,13.7,13.6,14.3,14.6,15.3,15.8,14.5,14.4,13.9,13.5,13.6,14.7,15.5,15.9,15.2,14.0,13.1,13.3,14.0,14.9,15.0,15.3,15.1,14.8,13.4,13.8,14.1,14.9,15.3,15.2,15.1,695.6,
18/01/2026,13.9,14.2,14.8,15.9,14.7,15.1,14.2,13.3,13.5,14.4,15.3,15.6,14.9,15.0,13.8,13.3,13.4,14.2,15.4,15.0,15.3,14.6,14.6,13.4,13.4,14.8,15.4,14.7,15.4,14.7,13.8,13.3,13.0,14.1,15.2,15.5,14.4,14.4,14.3,13.7,13.7,13.8,15.8,15.3,15.4,14.6,13.6,13.6,693.7,
19/01/2026,14.8,13.6,14.0,14.0,14.0,14.7,14.9,15.6,15.5,13.7,14.0,13.0,13.7,14.3,60.3,66.5,69.4,71.8,86.0,92.9,98.0,90.1,89.8,90.7,83.0,80.1,79.6,74.6,74.5,76.2,71.1,73.8,56.8,52.8,13.6,13.3,14.2,14.2,14.9,15.2,15.3,14.4,14.0,13.6,13.7,14.3,15.0,15.4,1938.9,
20/01/2026,14.4,14.9,15.1,14.7,14.4,13.7,13.4,13.3,14.4,14.8,15.7,15.3,14.6,14.0,63.3,71.4,69.6,74.9,93.6,98.9,93.9,94.4,89.5,91.1,90.8,80.7,79.9,75.0,73.7,69.1,71.7,73.6,59.5,56.1,15.2,15.0,14.4,13.3,13.6,13.7,14.4,15.4,15.6,15.4,14.7,13.8,12.8,13.7,1974.4,
21/01/2026,13.9,13.2,13.7,14.2,14.6,15.2,15.2,15.1,14.7,13.7,13.6,13.7,14.4,15.4,61.6,69.8,70.5,74.0,86.9,94.0,94.2,98.2,92.8,92.5,85.5,81.2,79.9,77.9,71.7,70.7,75.8,75.0,58.2,60.9,13.6,13.9,15.0,15.5,15.4,15.2,14.4,13.4,13.1,13.7,14.1,15.4,15.4,14.5,1974.5,
22/01/2026,13.7,14.4,14.8,15.8,15.1,13.9,13.3,13.4,13.7,13.8,14.3,15.1,14.9,14.4,63.7,67.1,72.3,73.1,87.9,95.2,94.4,95.5,96.1,91.0,88.1,84.7,79.5,79.2,72.8,74.5,68.2,68.8,60.9,60.9,15.4,15.1,15.3,14.6,13.8,13.6,13.3,14.4,14.8,15.7,14.9,15.2,13.3,13.7,1977.6,
23/01/2026,14.3,14.9,15.1,14.8,14.1,14.0,13.2,13.8,14.5,15.4,15.1,14.9,14.5,13.8,61.2,64.3,71.6,80.0,90.2,93.1,93.0,94.4,92.5,95.3,85.6,86.2,75.7,73.6,70.4,69.0,72.3,71.2,56.8,56.3,15.3,14.4,53.0,53.4,52.4,51.4,52.3,54.1,56.5,53.9,51.5,52.2,13.4,13.7,2342.6,
24/01/2026,15.1,15.5,14.3,13.7,13.4,14.0,14.3,15.0,15.1,14.9,14.6,13.9,13.6,14.2,14.1,14.9,35.4,32.4,33.3,33.0,30.5,32.3,31.3,33.5,15.1,15.0,15.0,13.3,13.6,13.4,14.1,14.6,15.6,15.3,14.8,14.5,13.6,13.4,14.1,14.9,15.2,14.8,14.7,13.6,13.1,13.7,14.0,14.5,836.2,
25/01/2026,14.1,13.6,14.0,13.8,15.4,15.0,15.2,14.3,13.9,13.3,13.0,13.7,14.5,14.9,15.6,14.6,14.3,13.7,13.6,14.1,14.9,15.1,15.0,15.0,14.1,13.8,13.1,14.0,14.9,14.7,15.4,14.8,14.2,13.2,13.4,13.9,14.3,15.2,15.3,15.0,13.8,13.4,13.3,14.4,14.5,15.1,15.4,15.0,688.8,
26/01/2026,15.1,15.1,15.5,15.2,14.1,13.2,13.3,13.7,14.5,15.4,15.0,14.9,13.8,14.0,61.9,68.0,71.2,71.3,92.8,93.9,90.5,98.3,94.3,89.3,85.7,85.5,79.2,77.9,75.2,67.9,72.6,71.4,59.1,58.7,15.5,14.4,13.9,13.2,13.8,14.6,14.4,15.4,15.2,14.9,13.8,13.8,13.5,13.7,1967.6,
27/01/2026,13.9,14.5,15.2,15.2,15.3,14.9,14.1,13.9,13.0,14.1,15.0,15.4,15.2,14.0,66.0,65.1,71.0,76.4,92.0,97.3,97.6,91.2,90.1,94.2,85.4,82.8,79.6,71.7,76.1,77.6,71.2,64.9,53.3,56.9,15.4,15.4,15.3,15.2,13.5,13.8,14.0,14.4,15.2,15.9,15.3,14.6,13.6,13.8,1969.5,
28/01/2026,14.5,15.1,15.8,15.3,14.6,13.5,13.5,13.6,14.9,15.3,15.3,14.8,14.1,13.6,60.0,67.6,69.6,74.1,91.5,93.7,93.6,99.4,89.9,88.1,83.9,80.6,80.3,75.0,77.1,70.0,67.2,74.7,54.9,58.8,14.8,15.3,14.5,13.5,13.3,13.4,14.1,15.4,15.9,14.5,14.2,14.4,13.6,14.3,1955.1,
29/01/2026,14.9,15.1,15.0,14.5,14.2,13.5,13.2,14.1,14.7,14.9,15.7,15.5,13.5,13.6,63.1,63.3,73.4,73.0,94.7,97.2,94.0,95.6,96.3,85.9,83.9,79.5,81.0,78.0,74.3,69.2,69.5,75.4,56.9,58.5,15.2,15.2,13.9,14.0,13.3,14.4,14.6,15.3,15.4,14.7,14.7,13.2,13.3,14.0,1966.3,
30/01/2026,14.7,15.1,15.8,14.9,14.4,13.8,13.6,13.5,14.8,15.4,14.7,15.3,14.1,13.8,59.6,64.9,66.4,71.5,86.9,90.1,93.0,91.2,89.6,88.6,87.9,80.7,85.5,81.2,74.2,71.7,70.4,70.2,56.3,53.0,14.7,15.4,14.2,13.7,13.0,13.7,14.5,15.2,15.3,15.4,14.4,13.5,13.5,14.3,1937.6,
31/01/2026,13.8,14.0,13.8,14.4,15.3,15.6,14.6,14.3,13.6,13.6,14.0,14.4,15.4,15.8,14.2,14.4,13.6,13.2,14.6,14.8,15.4,14.9,14.7,14.1,13.9,12.7,14.0,14.5,15.3,15.2,15.3,14.2,13.4,13.5,13.8,15.1,15.0,15.1,15.0,14.0,13.7,13.7,14.1,15.3,15.1,15.1,15.1,14.4,693.0,
01/02/2026,15.7,15.1,14.8,13.9,13.1,13.8,14.3,14.6,15.1,15.2,14.6,13.9,13.9,13.2,14.3,15.5,15.2,15.4,14.4,13.9,13.3,13.3,14.5,15.1,14.8,15.4,14.5,14.0,13.2,14.2,14.1,15.1,15.3,15.0,14.8,13.9,13.5,13.7,14.3,14.9,15.6,15.1,14.8,14.0,13.1,13.6,14.2,14.6,691.8,
02/02/2026,14.4,13.6,13.7,13.4,14.3,15.4,14.8,15.0,14.1,13.4,13.3,14.2,15.2,14.9,64.9,70.9,67.1,74.3,85.4,89.1,91.3,98.1,94.3,91.6,87.3,80.2,79.6,78.2,74.3,76.2,73.5,67.4,55.5,57.0,13.7,13.5,14.4,15.7,14.5,14.9,14.4,13.6,13.5,13.7,14.6,15.6,15.6,15.0,1958.6,
03/02/2026,13.7,13.3,14.3,14.3,14.5,15.1,14.3,14.4,13.6,13.4,14.5,15.0,15.7,14.8,60.5,67.2,69.1,73.4,92.1,93.0,93.4,92.8,93.4,87.7,85.7,86.9,80.4,75.4,72.0,70.1,71.3,69.4,59.7,56.6,14.0,15.0,15.6,15.5,14.7,14.0,13.5,13.3,13.8,15.0,15.1,15.1,14.7,13.8,1954.1,
03/02/2026,13.7,13.3,14.3,14.3,14.5,15.1,14.3,14.4,13.6,13.4,14.5,15.0,15.7,14.8,60.5,67.2,69.1,73.4,92.1,93.0,93.4,92.8,93.4,87.7,85.7,86.9,80.4,75.4,72.0,70.1,71.3,69.4,59.7,56.6,14.0,15.0,15.6,15.5,14.7,14.0,13.5,13.3,13.8,15.0,15.1,15.1,14.7,13.8,1954.1,
04/02/2026,14.3,15.1,15.5,15.0,13.9,13.6,13.5,13.6,14.4,15.5,16.0,15.2,14.1,12.7,58.5,63.3,69.8,78.3,88.6,95.9,97.1,94.6,95.2,93.7,92.0,85.1,80.3,74.2,75.6,68.9,67.4,71.7,59.7,56.7,15.3,14.7,14.2,13.0,13.5,14.4,14.9,15.1,14.8,14.7,14.0,13.6,13.9,14.0,1969.1,
04/02/2026,14.3,15.1,15.5,15.0,13.9,13.6,13.5,13.6,14.4,15.5,16.0,15.2,14.1,12.7,58.5,63.3,69.8,78.3,88.6,95.9,97.1,94.6,95.2,93.7,92.0,85.1,80.3,74.2,75.6,68.9,67.4,71.7,59.7,56.7,15.3,14.7,14.2,13.0,13.5,14.4,14.9,15.1,14.8,14.7,14.0,13.6,13.9,14.0,1969.1,
05/02/2026,14.6,14.8,15.6,15.1,14.2,13.9,13.8,14.2,14.2,15.9,14.6,15.6,14.6,13.6,62.5,70.0,69.7,72.7,95.3,97.8,91.5,94.1,99.2,95.3,90.9,86.2,81.3,74.9,70.5,71.8,67.7,71.5,57.9,54.5,15.6,14.7,14.2,13.4,13.4,14.1,14.6,15.7,15.1,15.0,14.3,13.7,13.5,13.9,1981.2,
05/02/2026,14.6,14.8,15.6,15.1,14.2,13.9,13.8,14.2,14.2,15.9,14.6,15.6,14.6,13.6,62.5,70.0,69.7,72.7,95.3,97.8,91.5,94.1,99.2,95.3,90.9,86.2,81.3,74.9,70.5,71.8,67.7,71.5,57.9,54.5,15.6,14.7,14.2,13.4,13.4,14.1,14.6,15.7,15.1,15.0,14.3,13.7,13.5,13.9,1981.2,
06/02/2026,14.0,13.6,13.4,13.8,15.1,15.3,15.3,14.5,14.7,13.6,13.3,14.0,14.8,15.2,62.1,70.1,67.2,71.6,90.8,97.3,91.0,96.3,92.5,91.1,79.9,79.6,79.5,71.4,75.9,76.0,73.8,73.6,57.1,52.9,13.6,13.9,14.9,15.5,15.3,15.4,14.0,14.0,13.3,13.7,14.8,15.3,15.6,15.1,1954.7,
07/02/2026,14.7,14.1,13.6,13.5,13.6,14.3,15.1,15.4,15.2,14.3,13.7,13.2,13.8,14.9,15.5,15.4,32.0,32.9,32.0,33.5,32.7,32.4,33.6,33.6,14.9,14.2,13.7,13.6,14.3,14.5,14.8,16.1,14.9,15.0,14.4,13.4,14.0,14.4,15.4,14.9,15.0,14.3,14.0,13.7,13.4,14.4,15.1,15.2,840.6,
08/02/2026,14.1,14.6,16.1,14.9,14.3,13.5,13.7,13.7,14.6,14.9,15.6,14.9,14.4,13.9,13.3,13.7,14.4,15.8,15.2,15.0,14.6,13.6,13.2,13.9,14.2,15.5,15.2,15.7,14.6,13.4,13.7,13.5,14.1,15.0,15.5,15.7,14.1,13.4,13.7,14.1,15.0,14.6,15.1,14.7,14.3,13.7,13.9,14.0,692.6,
09/02/2026,14.8,14.5,14.1,13.9,13.4,14.7,15.7,15.3,15.3,14.6,13.8,13.5,13.5,14.7,60.9,63.7,76.7,74.9,86.7,92.9,94.1,95.8,93.1,91.2,91.3,81.2,74.6,78.3,75.2,74.4,67.2,72.9,61.1,55.6,13.4,13.7,13.9,14.0,15.4,15.6,15.2,14.4,13.9,13.7,14.2,14.2,14.7,15.6,1965.5,
10/02/2026,15.1,14.4,13.7,13.3,13.5,14.3,15.1,15.0,14.6,14.7,13.3,13.8,13.6,14.3,61.5,69.5,69.2,76.9,86.7,93.6,90.6,93.1,97.7,90.2,87.7,84.4,78.6,80.0,76.2,71.7,67.0,70.3,56.6,52.1,13.7,13.5,13.6,14.5,15.2,16.1,15.1,14.3,14.0,13.5,13.9,14.6,15.1,15.8,1955.2,
11/02/2026,15.4,15.7,14.5,13.9,13.6,13.5,14.3,15.3,15.4,15.4,14.8,14.0,13.6,13.7,59.4,64.9,68.9,78.5,88.9,89.4,97.7,94.4,94.0,88.9,90.6,80.7,83.6,76.1,75.0,70.9,75.0,72.0,59.0,64.3,15.0,13.8,13.6,13.6,14.1,14.5,15.3,15.6,15.1,14.3,13.3,13.7,14.7,14.9,1976.8,
12/02/2026,13.9,14.5,15.1,16.0,14.8,14.8,14.2,13.9,13.4,13.9,14.7,14.9,15.2,14.4,60.1,65.2,66.8,72.6,88.7,97.4,90.8,94.1,92.9,90.5,85.7,77.4,75.9,81.6,77.1,70.1,69.8,70.0,53.6,55.9,14.9,15.6,14.9,14.5,13.4,13.5,13.7,14.2,15.2,15.2,14.9,14.8,14.2,13.5,1942.4,
13/02/2026,15.0,14.2,14.2,13.5,13.6,14.5,14.8,15.5,15.9,14.5,13.7,13.3,14.2,14.5,63.4,63.2,68.5,74.3,82.7,93.2,89.3,93.4,95.4,89.6,89.3,83.2,75.2,77.8,69.4,75.9,69.3,70.1,60.2,55.0,13.5,13.6,50.6,54.4,52.9,55.7,52.1,54.0,51.9,53.1,54.4,53.9,15.3,15.0,2330.2,
14/02/2026,13.5,14.4,15.0,15.3,14.9,14.6,14.2,13.8,13.8,14.3,15.0,15.8,15.6,15.1,14.1,13.8,13.9,14.6,15.2,15.2,15.3,14.6,13.7,13.8,14.6,14.6,15.0,15.0,14.9,14.4,14.0,14.0,13.5,14.6,14.8,15.4,15.2,14.7,13.9,13.7,13.8,14.1,14.6,15.4,15.3,14.6,14.0,13.6,697.2,
15/02/2026,10.6,10.9,11.5,10.8,10.4,10.8,10.5,10.7,10.0,10.5,10.4,11.4,10.8,10.9,10.3,10.4,10.5,10.8,10.8,10.9,11.1,10.9,10.6,10.1,10.6,10.8,10.9,11.2,11.1,10.7,10.3,10.7,10.1,10.8,11.1,11.0,11.2,10.9,10.5,10.4,10.5,11.2,11.0,11.0,11.3,10.4,10.6,10.4,515.3,
16/02/2026,10.5,10.8,10.8,11.0,11.1,11.0,10.3,10.5,10.5,10.5,10.7,10.9,10.9,10.9,57.1,62.2,67.7,66.2,85.6,89.9,91.2,92.0,90.7,87.6,84.7,82.7,79.0,69.8,70.0,69.8,68.5,66.2,50.1,57.3,11.1,10.6,10.7,10.6,10.7,10.1,10.6,10.4,10.9,10.6,10.8,11.0,10.2,10.2,1787.2,
17/02/2026,11.0,10.8,10.5,10.5,10.3,11.0,10.7,11.0,11.4,11.2,10.7,10.6,10.7,10.2,59.8,64.7,63.3,70.8,85.8,87.3,86.5,92.3,92.7,82.6,82.2,75.4,73.8,72.7,72.8,73.3,62.7,70.8,55.4,51.7,11.1,10.2,10.4,10.8,10.3,10.7,11.0,11.0,11.0,10.5,10.6,10.6,10.7,10.1,1776.2,
18/02/2026,11.0,11.1,10.4,10.2,10.8,10.7,10.8,10.9,11.1,10.8,10.8,10.6,10.4,10.4,60.6,64.3,64.7,70.1,84.4,87.9,88.3,87.7,90.2,86.8,84.4,81.5,75.5,69.8,65.1,63.9,72.5,65.8,53.4,56.8,10.8,10.8,10.3,10.4,10.7,11.1,11.1,11.0,10.7,10.6,10.6,10.3,10.4,10.8,1773.3,
19/02/2026,11.2,10.4,11.0,10.9,10.8,10.4,10.3,11.1,10.9,10.9,10.8,10.7,10.7,10.6,60.4,63.6,66.5,71.1,87.8,92.1,89.7,96.4,89.8,89.4,77.2,74.0,76.7,73.9,73.0,70.0,67.0,71.1,50.3,57.2,11.2,11.2,10.4,10.4,10.1,10.6,11.0,11.0,10.7,10.6,10.5,10.3,10.4,10.7,1797.0,
20/02/2026,10.7,10.4,11.2,10.8,10.7,10.6,10.5,10.2,10.5,11.4,10.9,11.0,10.5,10.4,63.2,58.7,70.2,67.3,86.1,91.3,89.3,89.4,88.8,81.3,83.6,77.9,73.2,69.1,68.5,65.2,64.6,69.1,50.4,57.9,11.1,10.9,10.8,10.4,10.5,10.7,11.4,11.3,11.2,10.6,10.6,10.4,10.4,10.7,1765.9,
21/02/2026,11.0,11.1,11.1,11.1,10.7,10.9,10.3,10.4,10.8,11.1,11.1,11.0,10.7,10.3,10.4,10.4,30.0,29.2,27.6,29.3,30.6,27.6,30.7,28.5,11.0,11.2,11.3,10.9,10.5,10.3,10.1,10.8,10.7,11.1,10.8,11.1,10.8,10.6,10.7,10.5,10.8,11.0,11.1,11.0,10.7,10.3,10.4,10.8,664.4,
22/02/2026,11.2,10.9,10.7,10.4,10.7,10.8,11.0,11.2,10.8,10.5,10.4,10.5,10.8,10.6,11.4,11.2,10.9,10.8,10.5,10.6,10.5,10.7,10.8,11.0,11.1,10.9,10.6,10.2,10.8,10.6,10.8,11.2,11.1,10.9,10.3,10.3,10.5,11.2,10.6,10.9,11.0,10.9,10.6,10.7,10.5,10.6,10.9,10.9,517.0,
23/02/2026,11.3,10.9,11.0,10.6,10.6,10.2,10.0,10.6,10.9,11.0,11.1,10.7,10.8,10.5,59.4,62.7,62.3,73.3,86.8,89.5,93.1,91.9,90.4,84.4,79.8,77.2,74.4,77.0,73.4,65.4,65.1,64.0,53.9,55.5,10.7,10.9,10.5,9.9,10.5,10.5,11.2,10.5,11.2,10.7,10.5,10.7,10.4,10.5,1778.4,
24/02/2026,10.5,10.6,11.0,11.1,10.7,10.2,10.8,10.4,10.6,11.0,11.1,11.2,11.2,10.7,60.1,63.8,68.6,73.5,84.1,88.9,93.6,85.7,86.3,85.0,86.8,75.1,78.0,68.8,65.7,73.1,68.8,64.8,54.7,56.2,10.8,11.0,10.6,10.9,10.8,10.6,10.7,11.0,10.5,11.3,10.9,10.6,10.7,10.7,1783.8,
25/02/2026,11.0,11.2,10.8,10.5,10.9,10.4,10.8,11.0,11.0,11.3,10.8,10.7,10.3,10.5,62.7,67.2,63.9,72.9,90.4,90.3,93.6,86.1,89.5,88.1,87.9,78.5,78.0,68.4,70.3,66.4,67.5,63.6,56.8,52.6,11.0,10.5,10.3,10.6,10.6,10.9,10.9,11.0,10.8,10.3,10.7,10.7,10.9,11.1,1796.2,
26/02/2026,10.8,10.9,10.7,10.8,11.2,11.0,11.0,10.7,10.4,10.5,10.4,10.6,10.6,10.6,59.1,57.8,68.6,70.3,89.9,92.0,85.0,94.7,89.5,88.6,87.6,76.3,80.0,76.8,66.4,67.0,71.1,62.6,55.5,53.7,10.5,10.8,11.1,11.1,10.6,10.7,10.6,10.5,10.6,11.5,11.1,10.8,10.9,10.6,1794.1,
27/02/2026,11.0,10.5,10.6,10.2,10.7,10.4,10.8,11.5,11.3,11.3,10.6,11.0,10.4,11.1,58.3,59.1,65.8,68.1,81.7,82.6,93.0,87.5,86.3,83.6,85.6,81.6,78.0,73.3,75.9,66.0,73.1,70.5,55.8,55.5,10.6,10.7,50.9,50.9,48.3,49.9,49.9,50.7,48.3,47.3,52.4,50.2,10.6,10.9,2174.3,
28/02/2026,10.3,11.1,11.1,10.9,11.1,10.8,10.3,10.7,11.1,11.1,11.2,10.8,10.6,10.2,10.7,10.3,10.9,10.9,10.9,11.2,11.1,10.4,10.2,10.5,11.1,11.2,11.1,11.1,10.5,10.4,10.5,10.9,10.8,11.0,11.2,11.0,10.5,10.4,10.8,10.5,11.1,10.9,11.0,11.1,10.3,10.6,10.2,10.2,516.8,
01/03/2026,10.9,10.8,10.7,10.4,10.2,10.6,11.0,10.9,10.6,10.4,10.5,10.6,10.6,10.4,11.1,11.1,10.6,11.1,10.5,10.3,10.1,10.5,11.1,11.4,10.8,11.0,10.5,10.2,10.9,10.9,10.9,10.8,10.7,10.8,10.4,10.7,10.6,11.1,10.8,11.4,11.0,10.7,10.3,10.5,10.8,10.2,10.9,10.8,514.1,
02/03/2026,11.1,10.7,10.8,10.4,10.8,11.0,10.4,11.2,11.4,11.0,10.4,10.3,10.4,10.5,55.4,63.9,64.6,70.9,83.6,88.4,90.6,92.2,91.6,93.4,85.7,75.2,74.0,72.7,66.2,68.6,64.3,65.5,53.3,53.8,10.7,10.5,10.4,10.9,10.8,10.5,11.6,10.9,10.7,10.5,10.5,10.8,10.8,11.2,1775.1,
03/03/2026,10.8,10.3,10.3,10.7,11.1,10.9,11.0,10.8,10.5,10.8,10.9,11.1,10.7,11.1,62.9,61.4,66.1,66.8,88.5,88.1,89.2,94.2,88.5,85.2,84.2,76.9,74.2,71.1,67.8,66.6,69.8,66.4,55.9,50.6,10.7,10.8,10.7,11.0,10.9,10.4,10.2,10.7,10.7,10.8,11.5,10.9,10.7,10.6,1776.0,
04/03/2026,10.6,10.4,10.3,10.5,10.8,11.1,11.4,11.1,11.0,10.5,10.5,10.6,10.7,10.5,61.9,64.2,64.0,69.9,86.3,87.1,85.7,90.6,89.7,87.9,86.7,84.1,78.3,71.8,71.7,67.4,61.5,65.8,54.0,53.1,10.6,10.6,10.6,10.9,10.6,10.8,10.8,10.1,10.5,10.6,10.9,11.1,10.8,10.6,1781.2,
05/03/2026,11.1,11.0,11.5,10.9,10.2,10.6,10.9,11.0,10.9,11.1,10.6,10.6,10.4,10.3,59.8,63.6,60.9,69.8,81.0,89.9,85.8,90.5,83.2,84.7,83.6,75.2,71.6,69.1,70.4,69.6,68.3,63.2,54.3,55.5,10.9,10.7,10.4,10.2,10.7,10.8,11.0,11.0,10.9,10.8,10.1,10.1,10.9,11.0,1750.6,
06/03/2026,10.6,10.2,10.6,10.6,10.6,10.5,10.9,11.0,10.2,10.6,10.6,10.3,11.0,11.3,58.3,65.8,63.4,73.4,87.0,94.7,83.5,88.2,89.3,90.2,81.6,80.6,74.8,69.2,68.6,63.4,71.1,66.4,53.1,53.0,10.4,10.3,10.8,11.1,11.6,11.1,11.1,10.7,10.4,10.6,10.8,11.0,11.3,11.1,1776.9,
07/03/2026,10.3,11.0,11.0,11.1,10.9,10.9,10.2,10.5,10.6,10.7,10.9,10.9,11.6,11.1,10.8,10.8,29.8,28.6,29.5,29.8,29.1,29.5,31.2,28.1,10.5,10.5,10.7,11.3,10.7,10.5,10.5,10.3,10.5,10.9,11.2,11.3,11.0,11.0,10.9,10.3,10.6,10.6,11.1,11.0,10.6,10.9,10.4,10.3,666.5,
08/03/2026,10.7,11.1,11.0,10.5,10.7,10.1,10.2,10.7,10.9,10.6,11.0,10.8,10.4,10.4,10.5,10.2,10.6,11.1,11.2,10.9,10.5,10.8,10.4,10.6,10.8,11.3,10.9,10.9,10.7,10.3,10.3,10.7,11.1,11.1,11.0,11.1,10.4,10.4,10.3,10.7,10.8,11.2,11.2,11.1,10.5,10.4,10.7,10.8,514.6,
09/03/2026,11.1,11.1,10.8,11.2,11.0,10.6,10.3,10.7,10.5,11.0,11.3,10.9,10.7,10.6,58.1,61.6,64.8,70.7,86.6,82.2,93.4,92.5,84.3,89.8,89.7,77.8,79.2,74.1,70.6,67.2,66.0,65.5,57.4,53.6,11.1,11.0,10.8,10.6,10.3,10.6,10.7,10.5,10.8,10.4,10.8,10.4,10.2,10.7,1785.8,
10/03/2026,10.5,11.0,11.1,10.8,11.0,10.8,10.5,10.8,11.0,10.9,11.3,10.8,10.5,10.3,58.6,61.4,65.1,70.4,83.0,91.0,94.0,89.5,90.3,87.5,84.1,78.9,81.8,70.5,72.9,65.3,66.2,64.6,52.8,53.4,11.4,11.3,10.9,10.5,10.5,10.4,11.1,11.4,11.1,10.9,10.9,10.4,10.3,10.4,1784.1,
11/03/2026,10.7,10.5,10.4,10.7,10.7,11.1,11.3,11.1,10.6,10.6,10.5,10.8,10.6,10.7,62.9,57.1,65.1,68.8,85.9,93.1,86.6,91.5,90.6,84.6,86.4,75.8,76.1,74.3,69.3,68.1,73.1,65.5,56.1,49.7,10.9,10.4,10.6,11.0,11.0,10.9,11.0,10.3,10.3,10.5,11.1,10.9,11.1,10.8,1781.7,
12/03/2026,10.3,10.5,10.6,10.6,10.9,11.5,10.8,10.7,10.6,10.5,10.5,10.5,10.6,10.9,60.2,58.2,69.0,69.0,84.0,92.1,94.3,85.7,91.8,80.9,78.1,75.3,78.0,72.6,71.6,64.1,67.6,65.3,50.5,55.3,10.7,10.3,11.0,10.8,10.7,10.8,10.6,10.8,10.9,10.6,10.7,11.1,10.9,10.5,1763.5,
13/03/2026,10.4,10.9,10.8,11.3,11.1,11.3,10.6,10.3,10.2,10.4,11.0,11.2,11.2,10.7,62.7,61.4,69.6,68.7,86.9,90.6,86.9,92.9,89.3,85.5,82.2,77.0,74.4,69.7,71.6,72.1,69.9,70.1,50.6,53.3,10.6,11.2,49.2,47.3,51.2,51.0,50.2,51.3,51.4,51.1,50.9,48.4,10.6,10.6,2181.8,
14/03/2026,10.7,11.0,10.9,10.9,10.8,10.5,10.4,10.4,11.1,10.9,11.2,11.0,10.7,10.3,10.7,10.7,10.9,11.1,10.9,11.2,11.1,10.6,9.7,10.3,11.1,11.1,11.3,10.9,10.8,10.7,10.5,10.4,10.7,11.0,10.9,10.8,10.9,10.8,10.6,10.6,10.6,11.2,10.9,10.8,10.6,10.2,10.6,10.4,516.4,
15/03/2026,10.4,10.5,10.3,10.5,10.5,11.4,10.9,11.2,10.6,10.3,10.2,10.5,10.7,11.1,10.7,11.3,10.9,10.1,10.2,10.5,11.1,10.9,11.3,11.2,10.8,10.4,10.9,10.4,11.1,10.8,10.9,10.7,10.7,10.4,10.4,10.5,11.1,11.1,11.1,11.1,10.9,10.3,10.4,10.4,11.0,11.1,11.1,10.6,515.5,
16/03/2026,10.8,11.0,10.7,10.5,10.5,10.7,10.7,10.8,11.2,11.0,10.8,10.3,10.5,10.8,58.3,69.8,65.1,67.3,88.8,93.8,86.4,93.2,93.0,88.2,79.0,80.0,76.6,75.7,69.7,68.2,64.4,67.3,56.5,50.8,10.6,11.1,10.6,10.5,10.5,10.9,11.2,11.1,10.8,10.3,10.3,10.1,10.5,11.0,1791.9,
17/03/2026,10.5,10.6,10.7,10.8,11.1,11.1,10.9,10.7,10.4,10.3,10.8,11.0,11.3,11.2,60.1,66.8,61.2,66.1,82.6,88.1,85.4,92.6,86.9,85.8,78.9,75.3,76.4,77.7,67.0,72.7,68.9,65.8,48.6,54.9,10.7,11.0,10.7,11.0,10.8,10.8,10.5,10.4,10.6,10.5,11.5,11.1,10.9,11.1,1764.8,
18/03/2026,10.9,11.3,11.3,10.9,10.6,10.7,10.5,10.4,11.0,10.8,10.8,11.1,10.4,10.8,59.6,67.3,62.4,73.6,89.6,90.4,93.1,85.7,92.0,85.0,86.7,76.3,79.4,72.8,65.2,70.7,71.2,67.0,57.9,52.8,11.0,10.9,10.9,10.7,10.4,10.6,11.1,11.1,11.2,10.8,10.8,10.5,10.5,10.8,1801.5,
19/03/2026,10.8,11.0,11.1,10.7,10.5,10.5,10.4,10.9,10.7,10.7,10.8,10.7,10.7,10.7,62.2,58.7,68.6,73.7,86.6,86.9,89.9,91.5,95.0,89.0,85.2,81.2,72.0,72.2,68.5,70.3,64.1,64.7,51.5,53.2,10.7,11.1,10.4,10.5,10.6,10.5,10.6,11.2,11.1,11.0,10.7,10.7,10.4,10.7,1785.4,
20/03/2026,10.8,10.8,10.7,10.6,10.5,11.0,11.3,11.3,11.0,10.8,10.3,10.5,10.4,10.4,62.2,63.3,62.7,76.2,91.0,87.0,94.0,89.5,89.1,85.8,83.7,79.1,74.8,72.8,63.8,72.1,66.5,66.5,54.4,52.2,10.3,10.6,11.2,10.8,11.0,11.0,11.3,10.7,10.7,10.6,10.6,10.9,10.6,11.0,1788.4,
21/03/2026,10.9,11.0,10.9,10.6,10.8,10.1,10.3,11.1,11.2,11.4,10.8,10.8,10.5,10.4,10.3,10.7,31.0,28.7,27.7,28.1,29.7,28.2,28.8,30.2,11.1,11.0,10.8,10.8,10.4,10.7,11.1,10.5,11.1,11.0,10.8,10.4,10.2,10.5,10.6,10.7,11.1,10.9,10.9,10.3,10.3,10.6,10.7,10.7,661.4,
22/03/2026,10.5,10.8,11.3,11.2,10.9,10.4,10.5,10.3,10.3,10.8,11.0,11.1,11.2,10.8,11.0,10.3,10.8,10.5,11.6,11.3,11.0,11.0,10.2,10.3,10.4,10.5,11.0,11.2,11.2,10.9,10.6,10.6,10.6,10.9,10.9,10.8,10.9,10.5,10.5,10.4,10.5,10.7,10.5,10.9,11.2,11.0,10.5,10.7,517.0,
23/03/2026,10.2,10.6,10.4,10.4,11.1,10.7,11.1,10.4,10.6,10.6,10.3,10.2,11.0,11.3,62.0,64.2,69.3,70.2,83.9,90.2,89.2,92.2,94.2,90.7,81.4,79.5,77.4,72.7,66.7,67.2,73.9,67.3,53.4,54.7,10.8,10.6,11.3,11.5,11.2,11.0,10.5,10.6,10.4,10.5,11.1,11.2,11.0,10.9,1801.8,
24/03/2026,10.6,10.9,10.9,11.3,10.6,10.9,10.5,10.9,10.8,10.7,10.8,10.9,10.5,10.8,59.3,66.5,68.2,68.3,79.9,88.9,91.2,91.1,90.4,80.3,86.6,78.2,74.8,70.5,65.0,69.5,67.0,67.4,53.4,56.1,11.0,10.8,11.0,10.7,10.5,10.4,11.0,11.0,11.2,10.6,10.7,10.5,10.6,10.6,1774.3,
25/03/2026,10.4,10.5,10.4,10.6,10.7,11.2,10.9,10.3,10.6,10.4,11.0,11.0,11.1,10.7,61.7,60.1,65.5,71.3,84.6,91.7,87.7,91.0,89.5,83.0,80.6,80.9,71.4,68.9,74.1,69.0,70.5,64.3,50.8,57.5,10.1,11.3,11.1,11.2,11.0,10.4,10.6,10.4,10.9,11.3,11.2,11.0,11.3,10.6,1776.3,
26/03/2026,10.5,9.7,10.3,11.0,11.0,11.4,10.8,10.5,10.7,10.6,10.7,11.0,10.7,11.1,60.3,61.8,64.8,64.8,90.6,85.3,90.6,90.6,89.8,88.4,81.7,82.2,77.6,75.7,73.6,68.1,69.4,69.2,55.9,53.3,10.9,11.0,10.9,11.0,11.0,11.1,10.8,10.5,10.8,10.9,11.1,11.4,10.7,10.3,1796.1,
27/03/2026,10.5,10.9,11.1,11.0,10.3,10.7,10.6,10.7,10.6,11.1,11.2,10.8,10.6,10.6,59.4,63.1,70.7,73.4,90.4,90.7,89.7,87.3,92.5,88.8,83.6,78.7,73.0,75.7,67.0,65.5,66.5,68.9,51.5,56.1,11.3,10.9,49.4,49.9,50.7,52.3,49.1,51.6,50.2,50.0,51.3,47.2,10.7,10.6,2188.4,
28/03/2026,11.0,10.7,10.8,10.9,10.7,10.3,9.8,10.7,10.5,11.0,11.3,10.6,10.5,10.4,10.4,10.8,10.6,11.2,11.1,10.9,10.6,10.5,10.6,10.7,10.8,11.1,10.8,11.2,10.7,10.8,10.4,10.8,10.9,11.0,10.8,10.8,10.9,10.4,10.5,10.8,10.6,11.3,10.9,11.1,10.6,10.3,10.5,10.6,515.2,
29/03/2026,11.0,11.0,,,10.6,10.5,10.8,10.7,11.2,11.3,10.9,10.9,10.6,10.8,10.6,10.7,11.0,10.6,11.0,10.9,10.4,10.7,10.7,11.1,11.3,11.0,10.5,10.8,10.4,10.5,11.0,10.9,10.7,11.2,10.8,10.2,10.5,10.9,10.8,11.1,11.3,10.9,10.9,10.1,10.3,10.4,10.5,11.0,496.0,
30/03/2026,10.7,11.4,11.4,10.9,10.5,10.1,10.7,10.9,11.1,11.1,10.4,10.8,10.5,10.2,59.3,61.2,69.7,67.9,90.8,87.7,89.2,89.5,92.3,90.7,87.6,78.2,71.1,70.1,64.5,69.2,64.2,65.4,51.1,52.1,11.2,10.7,10.2,10.5,10.5,10.9,11.1,10.9,10.8,10.8,10.2,10.4,10.6,10.8,1772.1,
31/03/2026,11.0,10.5,11.3,11.3,10.5,10.9,10.3,10.8,10.8,11.0,11.4,11.1,10.5,10.3,61.8,63.0,62.5,72.6,87.1,91.6,86.6,91.1,88.3,87.9,82.6,78.7,79.8,75.9,73.3,67.1,67.4,66.7,56.9,51.2,10.9,10.9,10.7,10.6,10.1,10.5,10.9,11.0,11.1,10.6,10.6,10.5,10.5,10.5,1793.2,
01/04/2026,13.6,14.4,14.6,15.7,16.4,16.2,15.4,14.4,13.8,14.2,13.8,15.5,16.1,16.0,60.8,61.5,66.4,70.2,89.7,94.8,91.8,96.2,95.5,88.1,80.3,79.7,76.6,80.7,76.2,77.0,73.1,71.6,59.3,60.9,14.8,15.5,16.1,16.1,15.2,14.5,13.9,13.7,14.1,15.9,16.5,16.0,15.5,14.0,1972.3,
02/04/2026,14.7,14.0,14.0,14.3,15.2,15.7,16.2,15.2,14.3,13.9,14.0,14.6,14.8,15.7,60.9,68.6,74.2,72.9,95.7,90.3,99.5,94.8,92.7,88.8,84.2,82.6,74.5,72.0,77.8,68.2,68.0,73.5,57.3,55.5,13.9,14.4,15.0,16.2,15.5,15.2,14.4,13.5,14.3,14.3,15.5,15.2,15.7,15.0,1966.7,
03/04/2026,13.8,14.6,14.8,15.7,15.5,15.2,14.3,13.9,14.2,14.8,15.2,16.1,15.5,15.1,59.6,60.7,68.3,69.3,93.7,98.7,94.3,90.5,91.2,93.7,80.5,86.8,83.9,71.0,77.0,69.8,68.2,70.0,59.2,58.7,16.1,16.6,15.8,15.1,14.2,13.8,13.8,14.5,15.8,15.6,15.8,14.9,14.4,13.5,1963.7,
04/04/2026,15.7,15.6,14.8,14.4,14.2,14.2,14.6,15.6,15.4,16.1,15.0,14.4,14.1,14.0,14.4,15.5,35.5,35.1,32.7,30.7,33.5,33.2,32.9,32.9,15.9,15.5,14.8,14.2,14.4,13.8,14.3,15.2,16.0,15.4,15.0,14.2,13.7,14.1,14.3,15.5,15.9,15.7,15.3,14.4,14.5,13.7,14.8,16.0,861.1,
05/04/2026,15.7,15.0,14.2,14.0,14.5,15.4,15.6,16.0,15.1,14.8,13.7,13.8,13.7,14.6,15.5,16.0,15.7,14.8,14.1,13.8,13.9,15.3,15.7,16.2,16.0,15.1,13.8,13.8,13.9,15.1,16.1,15.8,15.6,15.0,14.4,14.2,14.2,14.9,15.8,16.0,15.8,14.7,14.1,14.3,14.1,14.4,15.6,16.4,716.2,
06/04/2026,15.1,15.5,16.6,15.7,15.1,13.9,13.9,14.7,15.1,15.5,16.1,15.3,15.0,13.7,63.0,67.4,69.9,74.7,84.1,97.0,95.5,94.9,96.6,84.9,87.1,83.4,82.9,73.4,71.2,69.9,73.4,68.3,56.6,55.5,15.9,14.6,14.9,13.9,13.7,14.7,15.2,15.9,15.9,15.7,14.4,14.1,13.7,14.2,1967.7,
07/04/2026,15.7,14.9,14.1,14.1,14.2,15.4,16.0,16.7,16.1,15.6,13.8,14.0,14.0,15.1,62.3,69.4,69.4,69.5,92.9,90.5,96.8,91.2,93.5,95.2,86.5,81.1,80.7,70.2,77.5,71.5,77.6,72.2,60.0,55.2,14.1,13.6,14.4,14.9,15.3,15.7,15.1,14.9,14.0,13.6,14.2,15.2,15.6,16.4,1979.9,
08/04/2026,15.5,15.9,15.3,14.0,14.3,14.3,14.7,15.0,15.9,16.0,14.8,14.1,13.8,13.7,61.5,63.9,69.2,75.0,95.6,93.1,89.1,95.7,86.2,90.2,86.9,79.2,83.4,74.3,75.3,76.8,70.5,69.2,59.1,61.0,15.2,14.6,13.6,14.1,14.7,15.2,16.0,15.8,14.8,14.5,14.3,14.0,14.7,15.5,1969.5,
09/04/2026,15.9,14.8,14.1,13.7,14.8,14.9,16.3,16.6,15.8,14.5,14.4,14.1,14.7,14.7,66.0,66.8,73.8,71.8,91.0,87.6,92.9,96.0,95.0,97.5,87.3,81.3,77.8,74.5,77.2,76.4,71.7,67.5,57.9,59.1,14.7,14.3,14.2,15.0,15.5,16.1,15.5,14.8,14.1,13.8,13.8,14.8,15.8,16.3,1987.1,
10/04/2026,14.4,13.8,14.1,14.5,15.1,16.1,15.4,16.2,14.3,13.9,13.5,14.9,15.4,16.2,65.2,62.4,74.1,74.3,87.5,93.0,93.9,99.0,94.5,90.7,82.9,78.9,77.3,75.9,78.1,78.7,69.8,73.6,62.2,54.4,14.1,14.5,52.2,57.6,55.3,58.3,55.9,56.1,52.7,52.9,55.1,58.9,16.2,15.0,2389.0,
11/04/2026,15.6,15.9,16.5,15.6,14.7,14.1,14.2,14.2,14.4,15.6,15.7,15.9,14.5,14.0,13.9,14.6,15.5,15.7,15.9,15.7,14.9,14.3,14.0,14.5,15.0,15.7,15.7,15.6,14.1,13.8,14.4,13.9,14.8,15.5,15.7,15.2,14.4,14.6,13.7,14.3,15.1,15.4,16.2,15.6,14.6,14.5,14.5,14.7,716.9,
12/04/2026,15.6,14.7,14.3,13.5,14.2,15.0,16.1,16.0,15.5,15.2,14.0,13.4,14.1,14.7,16.4,16.3,15.2,14.9,13.5,14.0,13.4,15.0,15.2,16.1,16.1,14.7,14.5,13.3,15.0,14.5,15.5,16.2,15.5,14.9,14.3,14.2,14.4,14.6,16.1,15.7,15.5,15.2,14.3,13.7,14.1,15.3,15.7,15.7,715.3,
13/04/2026,14.7,14.4,13.9,14.7,15.5,16.0,15.6,15.1,14.6,14.3,13.9,14.7,15.7,16.0,63.4,66.7,73.6,75.1,90.3,89.5,95.8,95.6,96.1,90.8,88.8,82.3,72.8,76.0,71.2,73.6,70.9,74.2,60.9,54.5,14.5,14.3,15.2,15.9,16.2,15.4,14.9,13.6,14.1,14.2,15.7,16.0,16.2,15.7,1983.1,
14/04/2026,15.8,15.3,14.0,13.7,14.3,15.3,15.6,16.2,15.3,15.1,14.9,13.9,14.0,15.2,61.7,67.9,72.2,72.5,84.1,92.0,95.4,94.5,91.7,89.8,93.0,84.0,79.2,78.4,72.7,69.5,70.9,68.7,55.4,58.6,14.1,13.6,13.8,14.7,16.3,16.1,15.4,15.4,14.1,13.8,14.7,15.1,16.1,16.1,1970.1,
15/04/2026,13.7,14.0,14.7,15.4,16.5,16.3,15.2,14.1,14.1,14.1,14.9,16.1,15.9,16.0,62.9,67.0,67.6,70.6,90.1,92.2,91.9,93.0,91.6,89.8,85.4,82.4,80.8,76.8,73.2,71.6,71.2,70.9,57.0,54.9,14.8,15.2,16.2,16.7,15.2,14.7,13.7,13.5,14.9,15.2,15.6,16.0,15.2,14.4,1963.2,
16/04/2026,15.0,13.8,14.0,14.3,15.1,15.7,16.3,15.5,15.0,14.0,13.9,14.2,14.9,15.5,71.7,68.1,75.7,71.4,90.3,88.9,95.9,97.6,90.8,88.7,90.5,86.2,80.1,75.8,74.3,79.9,69.9,73.3,56.6,56.3,13.9,14.3,14.9,16.4,16.4,15.1,14.6,13.9,14.0,14.6,15.6,15.6,16.0,15.7,2000.2,
17/04/2026,14.4,14.9,15.9,16.1,16.5,15.5,14.4,14.0,14.7,14.9,15.8,16.0,16.1,15.0,66.6,63.7,74.8,73.9,93.4,96.2,94.9,93.3,92.8,89.8,86.3,81.7,81.4,80.2,71.9,76.1,71.1,65.1,56.5,56.5,15.4,16.3,15.3,15.0,14.2,14.1,14.3,14.9,15.3,16.0,15.8,14.5,13.9,13.6,1989.0,
18/04/2026,15.4,16.4,15.7,15.7,14.3,14.5,14.0,14.3,15.3,16.5,16.5,15.0,14.6,13.7,14.2,14.8,33.5,34.5,34.9,32.8,33.0,33.1,31.7,34.9,14.9,16.0,15.8,15.1,14.6,13.8,14.1,14.3,15.1,16.0,15.6,15.9,14.2,14.4,14.2,14.7,14.9,16.2,16.0,14.9,14.6,14.4,14.0,14.6,867.6,
19/04/2026,16.3,16.0,15.1,14.6,14.3,14.1,14.7,16.1,15.5,16.3,15.7,14.1,14.2,14.3,15.0,16.0,16.2,15.5,15.0,14.4,13.8,14.3,15.4,15.2,16.2,15.6,15.2,14.9,14.2,14.2,15.0,15.0,16.5,15.9,15.1,14.1,14.0,14.2,14.8,15.9,16.4,16.2,15.2,14.7,14.4,13.9,15.1,15.7,724.5,
20/04/2026,13.8,14.3,14.8,15.2,15.9,15.8,15.7,14.0,14.2,13.4,14.4,15.7,16.3,16.0,65.4,68.0,71.2,75.0,92.4,97.9,99.8,99.1,90.7,91.0,83.2,79.9,78.5,74.0,77.8,72.9,77.1,68.2,59.4,59.9,14.3,15.4,16.2,16.0,15.0,14.9,13.6,13.9,14.9,15.7,16.1,16.1,15.3,14.6,2002.9,
21/04/2026,14.1,14.8,15.6,15.9,16.0,15.5,14.4,14.3,14.2,15.0,15.6,15.9,15.6,15.0,59.2,63.9,69.8,77.8,91.5,92.1,94.9,96.2,91.1,89.7,82.2,85.1,78.3,79.6,75.0,73.6,73.2,68.2,56.7,60.4,15.3,16.1,15.6,15.1,14.5,13.8,14.0,14.8,15.3,16.1,15.6,15.9,14.1,14.2,1980.8,
22/04/2026,14.4,14.0,14.7,15.3,16.2,15.8,15.2,14.7,14.3,14.4,14.9,15.6,15.7,16.4,68.5,66.5,69.2,72.6,89.5,90.3,100.2,99.1,89.5,91.6,87.0,81.5,82.8,78.2,75.3,79.3,66.8,68.6,58.9,56.7,14.9,15.6,15.9,16.4,15.1,14.0,13.8,14.5,14.5,15.2,15.8,15.5,15.0,14.9,1994.8,
23/04/2026,14.4,14.1,14.6,14.5,15.0,16.5,16.3,15.9,14.8,13.7,14.0,14.7,15.2,15.9,64.9,68.3,68.7,76.4,92.3,90.6,96.9,95.3,90.8,90.2,91.8,83.6,83.8,75.4,71.9,77.0,69.9,69.5,55.7,61.2,13.7,14.6,15.3,15.8,16.4,15.3,14.8,14.0,14.0,14.7,15.3,16.0,17.0,15.8,1996.5,
24/04/2026,16.3,15.6,15.8,14.7,14.3,14.3,15.0,15.8,16.1,16.3,15.6,14.0,14.3,14.0,65.0,68.0,69.9,76.6,93.4,89.6,95.8,92.5,94.6,92.9,90.3,81.2,82.7,75.8,71.5,73.6,67.9,71.4,63.4,56.1,15.4,14.6,56.0,54.5,57.0,54.3,54.9,56.6,52.6,53.0,54.0,53.2,14.7,15.4,2390.5,
25/04/2026,15.1,14.3,14.0,14.6,15.6,15.8,16.1,15.0,14.7,13.9,13.7,14.6,15.7,16.0,16.3,15.7,15.0,14.5,14.3,14.7,15.6,15.7,16.5,14.9,14.5,14.5,13.8,14.4,15.3,15.8,15.9,15.4,14.3,14.1,13.8,13.8,15.6,15.8,16.0,15.7,14.6,14.2,14.1,14.6,15.3,16.0,16.1,16.0,721.9,
26/04/2026,14.0,14.6,14.8,15.2,15.9,15.6,15.3,14.5,14.2,14.1,14.9,14.9,16.0,16.3,14.9,14.6,14.4,14.3,14.9,15.9,16.0,16.3,15.7,14.6,14.1,14.4,14.7,15.3,16.0,16.4,15.5,14.6,14.3,13.6,15.1,16.0,16.1,16.4,15.0,14.7,14.4,14.5,15.5,15.6,16.1,16.2,15.6,14.4,726.4,
27/04/2026,15.4,15.7,15.7,15.4,14.9,13.6,14.4,14.5,15.2,16.0,15.5,15.7,14.4,14.0,59.2,64.1,69.8,79.5,94.1,93.4,90.0,98.0,86.9,89.8,91.5,89.4,79.6,77.7,76.5,70.1,70.0,71.0,62.1,56.3,16.3,15.2,14.4,13.6,14.7,14.7,15.8,16.1,16.1,15.6,14.3,14.0,13.7,14.9,1988.8,
28/04/2026,14.2,14.7,15.3,15.9,15.5,15.5,15.0,14.0,14.0,14.6,15.9,16.1,15.6,15.1,66.5,66.8,74.1,78.1,87.5,99.5,91.7,92.7,88.8,87.3,86.5,82.7,81.6,77.4,71.2,73.0,71.4,69.9,55.6,59.3,15.8,16.3,15.8,15.2,14.3,14.4,13.9,15.3,15.4,15.3,16.1,15.1,14.1,14.4,1984.4,
29/04/2026,16.7,15.3,15.2,14.7,14.5,14.0,15.3,15.6,16.4,15.5,15.4,14.1,14.0,14.3,61.1,72.1,72.3,75.3,88.4,95.3,87.1,95.7,90.3,98.7,92.1,82.0,78.8,78.4,75.7,68.8,68.7,76.9,57.9,60.9,15.4,14.6,13.7,14.4,15.0,16.0,16.1,15.8,15.8,14.7,13.9,14.3,14.8,16.0,1998.0,
30/04/2026,16.3,15.5,14.3,13.7,14.4,15.5,15.8,16.5,16.0,15.2,14.1,13.6,14.6,15.1,66.4,68.8,73.5,72.9,88.5,88.9,97.2,96.4,95.9,91.0,85.6,79.2,80.3,78.3,73.5,75.6,68.9,69.6,56.9,57.5,13.9,14.0,14.6,15.3,15.6,16.8,16.4,15.7,14.5,14.4,13.9,15.1,16.1,16.6,1988.4,
01/05/2026,17.2,16.5,15.8,15.3,14.7,14.6,15.6,16.6,16.3,16.6,16.2,14.3,14.7,14.4,61.6,67.8,75.4,77.7,87.9,90.2,94.2,93.4,93.2,94.5,86.8,82.6,82.0,78.8,75.2,76.0,73.1,77.5,57.1,61.9,16.2,15.2,14.0,14.8,15.4,16.7,17.1,16.8,16.3,15.0,14.9,14.2,15.6,16.6,2024.5,
02/05/2026,14.7,14.4,15.2,16.6,17.3,17.5,16.7,15.1,14.5,14.9,15.0,16.6,17.2,17.3,16.1,15.2,34.8,34.0,32.0,37.1,37.5,34.0,35.2,32.2,14.8,14.0,14.5,16.2,17.3,17.0,16.2,15.1,14.7,14.8,15.3,16.9,17.1,17.0,16.3,15.1,14.4,14.4,15.1,16.5,17.4,17.0,15.7,15.4,909.3,
03/05/2026,17.1,16.0,15.1,14.4,15.1,16.3,16.4,17.1,16.7,15.6,14.5,15.1,15.0,15.7,17.1,16.7,16.9,15.5,14.5,14.7,14.7,15.4,16.3,16.9,16.5,15.5,15.0,14.2,15.2,16.3,17.0,16.6,16.8,15.9,14.3,14.3,14.9,16.0,16.7,17.0,17.1,16.0,15.3,14.4,14.6,16.1,16.7,17.1,758.3,
04/05/2026,15.0,15.4,17.0,17.6,17.0,15.4,15.3,14.6,15.0,15.5,16.3,16.7,16.6,16.2,61.8,65.8,69.4,76.1,94.1,92.3,96.9,95.4,86.2,94.0,92.1,81.4,80.2,83.4,74.0,71.1,66.0,74.2,60.9,57.1,16.5,16.9,17.2,16.4,15.5,14.1,14.3,16.1,16.4,17.0,16.8,16.5,15.2,14.6,2019.5,
05/05/2026,14.6,15.3,15.4,16.1,17.0,17.2,16.4,14.7,14.6,14.7,15.5,15.9,16.9,16.4,65.5,66.2,72.8,72.6,92.9,98.4,98.6,93.1,96.4,93.7,84.1,83.7,81.2,81.6,77.9,76.1,67.2,70.7,53.7,58.8,15.8,15.4,16.8,16.8,16.7,16.2,14.2,14.9,15.4,15.8,16.7,16.7,16.3,15.6,2029.2,
06/05/2026,15.8,15.0,14.7,14.8,16.2,17.2,17.2,16.9,15.8,15.2,14.3,15.1,16.8,16.9,68.9,71.9,72.2,70.9,88.4,88.6,90.4,95.3,92.4,95.0,87.4,89.5,85.2,72.9,78.7,73.4,72.7,69.8,59.3,59.5,14.2,15.4,16.2,17.6,17.3,15.8,15.2,15.1,14.8,14.8,16.1,16.6,17.3,17.0,2027.7,
07/05/2026,14.4,14.6,15.6,17.0,17.0,17.0,16.1,15.4,14.5,15.1,15.5,16.8,17.4,17.3,70.3,68.5,67.4,73.0,89.0,96.5,100.1,93.6,95.4,85.4,82.5,87.0,78.3,75.2,80.1,70.1,73.0,67.5,54.4,57.0,15.3,15.8,16.6,17.4,16.0,14.8,14.8,14.5,15.8,16.8,17.2,17.0,16.2,14.5,2010.7,
08/05/2026,16.2,16.0,14.4,14.6,15.2,16.0,16.8,16.9,16.8,15.8,15.3,14.6,14.3,16.4,60.4,72.5,72.9,74.2,90.8,88.6,95.0,102.0,97.3,92.1,87.0,80.4,71.9,72.3,73.8,76.1,70.8,72.5,59.5,59.7,15.2,14.5,55.3,56.2,56.0,56.6,58.8,54.4,52.4,52.3,53.3,57.8,17.1,17.5,2406.5,
09/05/2026,16.0,15.6,17.0,16.4,15.8,15.6,14.1,15.3,15.9,16.6,17.3,16.8,15.8,14.4,14.7,14.7,16.0,16.0,16.5,16.4,16.2,14.6,14.3,15.1,15.7,16.9,17.4,16.8,15.6,14.9,14.7,14.7,16.7,17.2,17.1,17.0,15.6,14.7,14.5,15.4,16.3,16.9,16.8,16.4,15.7,14.6,14.1,15.0,757.8,
10/05/2026,16.3,15.4,15.0,14.4,15.3,16.1,16.6,16.7,17.2,15.7,15.0,14.1,15.4,16.0,16.8,16.8,16.4,15.8,14.8,14.8,14.5,15.7,16.5,17.0,16.4,15.4,15.6,14.7,15.2,15.5,16.8,16.6,16.2,15.9,14.9,14.7,14.7,16.1,17.1,16.5,17.6,15.8,14.9,13.9,15.3,16.0,16.3,17.2,757.6,
11/05/2026,17.3,17.3,15.8,15.5,14.5,15.1,15.7,16.8,16.9,17.4,16.6,15.3,15.0,14.6,64.3,69.4,75.0,79.1,93.6,96.6,94.0,92.9,89.0,84.8,90.0,84.2,78.5,79.7,70.6,75.7,70.6,73.8,57.2,60.3,16.1,15.4,14.8,14.8,15.5,17.1,17.2,16.8,16.0,15.5,14.5,14.9,15.8,16.6,2024.1,
12/05/2026,15.5,17.0,17.1,16.8,15.6,14.9,14.6,15.3,16.0,16.7,17.1,16.9,15.5,15.1,66.7,68.4,70.6,76.2,96.9,93.9,100.1,93.5,97.1,87.8,91.9,84.9,85.0,78.0,68.2,72.2,70.3,69.4,63.2,58.0,17.0,16.7,15.8,14.8,14.6,15.3,16.0,16.6,17.1,16.4,16.2,14.5,14.6,15.1,2037.1,
13/05/2026,15.9,14.1,14.6,15.0,16.3,17.0,16.9,16.3,16.0,15.2,14.6,15.7,16.6,17.4,69.2,64.6,68.0,69.9,91.9,90.9,97.1,98.9,96.1,90.3,87.0,81.4,83.8,75.7,75.9,74.4,71.9,72.4,59.4,54.4,14.8,14.2,15.8,17.8,16.9,16.6,15.4,14.6,14.4,15.2,15.7,16.5,16.6,15.8,2015.1,
14/05/2026,15.0,15.9,16.8,17.5,16.3,15.7,14.6,14.6,15.4,15.6,16.2,16.6,17.0,16.3,64.3,62.6,70.4,76.2,96.9,91.2,100.9,90.9,91.0,88.1,87.1,81.0,83.8,81.6,74.4,76.7,73.5,68.5,57.7,61.4,16.2,17.1,17.0,15.4,14.5,14.4,15.2,15.4,16.3,17.4,16.9,16.1,15.1,14.6,2023.3,
15/05/2026,16.9,16.1,15.1,14.4,15.1,16.3,17.1,17.3,15.8,15.4,15.3,14.2,15.3,16.3,65.6,68.9,68.2,69.6,91.2,97.9,90.7,95.5,95.6,88.4,87.6,87.6,81.1,74.0,75.3,74.7,74.3,70.6,60.4,56.2,14.6,14.3,15.0,15.3,17.0,17.6,16.7,15.5,15.3,14.3,15.4,15.5,16.6,17.2,2014.3,
16/05/2026,16.8,16.5,15.2,14.6,15.3,16.0,17.1,17.1,16.6,15.7,14.7,14.9,15.3,15.8,17.3,17.2,36.4,35.4,33.8,32.7,32.4,33.0,34.5,36.0,16.9,16.2,14.7,14.3,14.9,16.2,17.0,16.4,17.5,15.7,14.3,14.9,14.7,16.1,16.8,17.4,16.9,16.3,15.1,15.1,15.5,15.0,16.3,17.3,911.8,
17/05/2026,16.6,17.3,17.5,16.3,15.5,14.4,15.4,15.8,16.4,17.1,16.8,16.6,15.4,14.6,14.9,15.8,16.4,18.2,16.2,16.3,14.9,14.5,15.4,15.3,16.0,17.6,17.7,16.7,15.3,14.8,14.9,15.5,16.0,16.9,17.4,16.5,16.0,14.9,14.9,15.4,15.9,16.6,16.4,16.5,15.5,14.7,15.0,15.7,766.4,
18/05/2026,17.0,16.6,15.5,14.5,15.0,15.9,17.0,17.1,16.6,15.4,15.4,14.7,15.3,15.5,64.4,66.5,69.2,77.0,93.4,86.8,95.6,91.7,94.8,90.8,85.2,83.4,81.1,76.0,79.1,76.8,69.7,76.7,61.1,55.0,14.4,14.2,15.0,16.0,17.3,17.0,16.9,16.0,15.3,14.7,14.8,15.7,16.6,16.8,2016.5,
19/05/2026,15.0,15.5,16.6,16.9,17.3,16.0,15.0,14.6,14.8,16.0,16.9,16.8,17.2,15.9,65.0,63.7,69.2,73.9,95.5,100.5,91.5,93.4,91.1,89.1,84.8,80.7,81.9,79.7,73.8,72.1,71.0,71.2,58.7,57.0,16.1,17.1,17.6,15.8,15.5,14.6,14.6,15.9,16.8,17.1,16.4,16.4,14.7,14.8,2011.7,
20/05/2026,16.7,17.0,17.4,16.6,15.5,15.2,14.2,15.3,16.5,17.5,17.3,16.5,14.9,14.5,60.8,67.7,74.2,83.2,96.2,94.4,91.1,94.0,87.7,90.1,92.9,88.2,82.9,81.6,76.6,66.7,77.4,67.7,61.0,61.2,17.2,16.6,16.0,14.9,14.4,15.5,15.9,16.8,17.3,16.6,15.4,14.6,14.8,15.2,2041.9,
21/05/2026,15.3,15.8,16.7,17.2,17.4,15.6,15.2,14.5,14.9,15.7,16.8,17.2,17.1,15.9,69.4,65.8,73.2,76.1,95.3,100.3,102.0,95.8,89.1,86.6,87.7,82.0,79.6,75.0,72.4,73.7,76.5,68.9,56.5,59.8,16.4,17.5,16.8,15.7,15.6,14.2,15.3,15.5,16.9,16.6,16.9,15.8,14.9,14.9,2034.0,
22/05/2026,16.8,17.2,16.1,15.6,14.6,14.9,15.9,17.0,17.5,16.7,16.2,15.7,14.4,14.7,62.5,70.5,70.1,75.1,95.9,94.2,99.7,92.5,94.3,94.8,93.4,89.0,79.3,78.7,72.1,72.7,71.9,72.1,57.1,58.3,16.3,15.3,55.6,54.6,56.1,54.8,60.7,57.2,56.4,53.7,55.9,57.0,15.5,17.1,2443.7,
23/05/2026,14.5,14.7,16.1,16.0,17.4,17.2,16.2,15.8,14.4,14.8,15.3,16.3,17.5,17.1,16.3,15.6,14.9,15.1,15.4,16.1,17.0,16.7,16.0,15.1,14.3,14.7,15.6,16.9,17.2,16.8,16.9,15.6,15.0,15.1,15.8,16.5,17.3,17.1,16.5,15.2,14.9,14.9,15.1,15.2,17.3,16.8,16.6,14.8,763.6,
24/05/2026,15.1,15.9,16.9,17.0,17.3,16.1,14.9,14.7,14.7,15.8,16.9,17.4,17.1,16.4,15.0,14.9,14.7,16.0,16.7,17.6,17.2,16.0,15.5,14.9,14.6,15.7,16.5,16.9,17.4,15.9,14.8,15.4,15.6,15.6,16.1,17.5,16.8,15.9,15.4,14.3,14.6,15.6,16.7,16.8,16.9,16.5,15.0,14.7,765.9,
25/05/2026,16.4,16.8,17.4,16.8,15.5,14.7,15.1,15.5,16.1,16.8,17.7,16.2,15.7,15.3,66.0,70.6,72.6,76.5,95.2,98.0,91.8,96.4,89.5,91.8,93.6,83.5,78.9,79.1,79.0,68.1,74.2,68.2,61.8,58.6,16.7,16.2,15.8,14.7,15.0,14.7,16.1,16.6,17.3,16.8,15.6,15.2,14.8,15.7,2040.6,
26/05/2026,16.4,16.4,16.0,15.6,14.6,15.4,15.5,16.9,17.1,16.9,16.2,15.5,14.6,14.7,67.1,66.3,74.8,79.3,93.7,94.0,97.4,96.0,96.0,89.8,92.1,86.8,77.1,80.5,73.6,72.6,68.1,70.8,62.2,62.4,15.7,15.3,14.5,15.0,15.7,17.0,16.9,17.2,16.0,15.3,14.6,15.3,16.0,16.9,2043.8,
27/05/2026,17.1,17.6,17.0,16.6,15.7,14.7,14.9,16.0,16.5,17.0,17.1,16.8,15.7,14.9,62.2,66.1,71.5,75.5,88.6,95.7,97.9,96.2,94.3,94.4,90.2,84.2,77.5,79.2,70.2,73.7,72.7,69.9,58.5,58.4,17.4,16.4,15.8,15.3,14.7,14.9,16.4,16.8,17.2,16.5,15.5,15.0,14.3,15.9,2026.6,
28/05/2026,15.5,15.1,14.8,15.5,16.4,16.5,17.1,16.7,16.0,15.3,15.2,15.3,16.1,16.8,66.4,66.4,70.8,72.3,94.7,94.5,94.0,100.3,93.0,87.1,90.5,79.5,81.8,78.5,82.3,71.7,71.2,73.7,56.8,56.0,14.9,14.9,16.4,17.6,17.4,16.4,15.8,14.4,14.3,15.7,16.2,17.7,17.5,16.7,2029.7,
29/05/2026,16.3,17.3,17.4,16.7,15.8,15.6,14.9,14.9,16.3,17.2,17.0,15.5,15.2,15.1,63.4,67.2,70.5,80.4,97.3,91.9,98.7,95.8,91.3,88.1,86.7,82.0,77.8,82.1,78.3,72.2,71.0,68.6,59.0,63.4,17.3,16.5,15.6,14.7,14.7,15.4,17.1,17.2,16.8,16.9,15.2,15.6,14.9,15.7,2034.5,
30/05/2026,14.6,14.7,16.4,17.1,16.8,16.4,15.8,15.2,14.7,14.9,15.8,16.1,16.9,16.6,16.4,15.5,33.0,34.8,32.8,35.5,35.2,34.9,35.3,33.3,14.5,14.8,15.6,16.5,17.7,17.0,16.5,15.8,15.1,15.3,15.3,17.0,16.9,17.1,16.7,15.9,14.5,15.1,15.7,16.3,16.6,16.9,16.6,16.1,914.2,
31/05/2026,15.0,15.1,15.8,16.2,17.0,16.9,16.6,15.2,14.4,14.8,15.5,16.2,17.7,17.3,16.2,15.5,14.7,14.7,15.2,16.1,17.6,17.1,16.7,15.6,15.0,14.8,15.6,16.3,16.3,16.9,16.6,15.2,14.4,14.9,15.6,16.0,16.9,16.3,16.8,15.3,15.2,15.6,14.9,16.0,17.7,16.8,16.2,15.0,763.4,
